customer_id,first_name,last_name,email,gender,street_num,street_name,street_suffix,city,state,postcode
1,Romain,Southcott,rsouthcott0@clickbank.net,Male,1.0,Trailsway,Road,San Diego,California,92127.0
2,Cosimo,Molyneaux,cmolyneaux1@wiley.com,Male,,,,El Paso,Texas,
3,Bambi,Westrip,bwestrip2@symantec.com,Female,4057.0,Arkansas,Circle,San Antonio,Texas,78220.0
4,Roarke,Pankettman,rpankettman3@wiley.com,Male,74.0,Debs,Point,Memphis,Tennessee,38150.0
5,Mikaela,Althorpe,malthorpe4@51.la,,,2nd,Drive,,,83732.0
6,Magdalena,Cullip,mcullip5@tiny.cc,Female,9190.0,Packers,Drive,Baltimore,Maryland,21229.0
7,Marietta,Heball,mheball6@blog.com,Female,12.0,Mallory,Center,Carol Stream,Illinois,60351.0
8,Tine,McSperrin,tmcsperrin7@statcounter.com,,530.0,Erie,Plaza,Kansas City,Missouri,64193.0
9,Enrichetta,de Villier,edevillier8@ox.ac.uk,Female,745.0,Annamark,Street,Fairbanks,Alaska,99709.0
10,Sari,Poulden,spoulden9@xing.com,Female,2.0,Pond,Hill,New Orleans,Louisiana,
11,Natale,Martina,nmartinaa@wordpress.com,Male,221.0,Sauthoff,Pass,Bradenton,Florida,34205.0
12,Noni,Norrington,nnorringtonb@netvibes.com,Female,5.0,,,Baltimore,Maryland,21282.0
13,Mikol,MacWhan,mmacwhanc@patch.com,Male,9.0,Eagle Crest,Center,Bronx,New York,10469.0
14,Deny,Thraves,dthravesd@ibm.com,Female,71865.0,Valley Edge,Place,Washington,District of Columbia,20456.0
15,Fara,Petegrew,fpetegrewe@ebay.com,Female,,Claremont,Place,Los Angeles,California,90005.0
16,Jodie,De Cristoforo,jdecristoforof@mac.com,Male,50948.0,Rowland,Alley,Charleston,South Carolina,29424.0
17,Tobi,Dewicke,tdewickeg@hostgator.com,Female,6817.0,Orin,Junction,San Rafael,,
18,Reinhold,Woolforde,rwoolfordeh@cbc.ca,Male,,Northwestern,Way,Amarillo,Texas,79118.0
19,Fredek,Foley,ffoleyi@bbb.org,Male,8.0,Ridgeway,Park,Silver Spring,Maryland,20910.0
20,Rubina,Hustings,rhustingsj@wikimedia.org,Female,249.0,Esker,Hill,San Antonio,Texas,78210.0
21,Karim,Woosnam,kwoosnamk@ifeng.com,Male,,Grayhawk,Place,Houston,Texas,
22,Woodrow,Fidoe,wfidoel@creativecommons.org,Male,1.0,Artisan,Junction,Gainesville,,
23,Loralie,Normand,lnormandm@usa.gov,Female,1.0,Transport,Terrace,Duluth,,30195.0
24,Danita,Cleynaert,dcleynaertn@t-online.de,Female,,Shopko,Center,Denton,Texas,76205.0
25,Tomlin,Massinger,,Male,9.0,Victoria,Trail,Washington,District of Columbia,20409.0
26,Franklin,Goodge,fgoodgep@mapquest.com,Male,97670.0,Kensington,Center,Houston,Texas,77240.0
27,Harlene,Rameau,hrameauq@squarespace.com,Female,2352.0,American,Way,Seattle,Washington,98127.0
28,Brander,Quinnelly,bquinnellyr@shinystat.com,Male,573.0,Dovetail,Center,Sparks,Nevada,89436.0
29,Jeanna,Bruntje,jbruntjes@tuttocitta.it,Female,9296.0,Hanover,Road,Fort Wayne,Indiana,46814.0
30,Ardyth,Zack,azackt@wordpress.com,Female,437.0,Pierstorff,Way,Pittsburgh,Pennsylvania,
31,Steve,Pantridge,,Male,6124.0,Kropf,Street,Los Angeles,California,90065.0
32,Brit,Nouch,bnouchv@yahoo.com,Female,2385.0,Blaine,Trail,Augusta,Georgia,
33,Caril,Barnsley,cbarnsleyw@bravesites.com,Female,,Mallory,Way,Fort Wayne,Indiana,46896.0
34,Rosalynd,Dyerson,rdyersonx@geocities.jp,Female,,Cody,Court,Dallas,Texas,75226.0
35,Griffy,Sonley,gsonleyy@deviantart.com,Male,1.0,,,,Virginia,22070.0
36,Ernest,Armal,earmalz@dailymail.co.uk,Male,4.0,Susan,Center,Washington,District of Columbia,20231.0
37,Elspeth,Mendus,emendus10@ocn.ne.jp,Female,127.0,Mockingbird,Hill,Washington,District of Columbia,
38,Clarita,Bussons,cbussons11@marketwatch.com,Female,7444.0,Northwestern,Crossing,Lansing,Michigan,48912.0
39,Stanislas,Hacaud,,Male,76.0,Summer Ridge,Place,Atlanta,Georgia,31119.0
40,Melvyn,Seifert,mseifert13@photobucket.com,Male,,Park Meadow,Pass,San Antonio,Texas,78260.0
41,Ruby,Plott,rplott14@un.org,Male,2.0,Killdeer,Pass,Seattle,Washington,98121.0
42,Nollie,Salter,nsalter15@fastcompany.com,Male,23.0,Lake View,Point,,Tennessee,38150.0
43,Bendicty,Sunnex,bsunnex16@elpais.com,Male,39695.0,North,Place,Irving,Texas,
44,Garrett,Bartram,gbartram17@sun.com,Male,15.0,Everett,Way,Houston,Texas,77070.0
45,Berna,Longhurst,blonghurst18@geocities.jp,Female,50870.0,Milwaukee,Hill,El Paso,Texas,79916.0
46,Edmon,Elsegood,eelsegood19@ezinearticles.com,Male,48085.0,Pepper Wood,Street,Des Moines,Iowa,50362.0
47,Burch,Issacov,bissacov1a@tiny.cc,Male,54399.0,,,Dallas,Texas,75397.0
48,Rori,Clashe,rclashe1b@smh.com.au,Female,558.0,Rigney,Avenue,Everett,Washington,98206.0
49,Flinn,Hoston,,Male,84.0,Waxwing,Terrace,Washington,District of Columbia,20530.0
50,Claudette,Ivatts,,Female,5552.0,Bunting,Junction,San Francisco,California,94137.0
51,Correy,Raatz,craatz1e@ihg.com,Male,661.0,Truax,Trail,Dallas,Texas,75277.0
52,Ximenes,Sibbe,xsibbe1f@noaa.gov,Male,10392.0,Columbus,Plaza,Lexington,Kentucky,40524.0
53,Brock,Kynman,bkynman1g@issuu.com,Male,1431.0,Truax,Circle,Houston,Texas,77015.0
54,Miller,Stockdale,mstockdale1h@rediff.com,Male,0.0,Tennessee,Plaza,Portland,Oregon,97271.0
55,Timmie,Gibard,tgibard1i@google.it,Female,,Florence,Crossing,Des Moines,Iowa,50310.0
56,Shandy,Ditzel,sditzel1j@google.com,,6051.0,Nova,Circle,Knoxville,Tennessee,37995.0
57,Dugald,Pladen,dpladen1k@usa.gov,Male,74303.0,Meadow Ridge,Lane,Asheville,North Carolina,28805.0
58,Katuscha,Cathery,kcathery1l@tuttocitta.it,Female,,Ilene,Junction,Bloomington,Illinois,61709.0
59,Helga,Barajas,hbarajas1m@tmall.com,Female,,Kropf,Drive,Houston,,
60,Billy,Micklem,bmicklem1n@nsw.gov.au,Male,22.0,Lakewood Gardens,Trail,Akron,Ohio,44329.0
61,Andy,Blades,ablades1o@jugem.jp,Female,,Clarendon,Street,Memphis,Tennessee,38136.0
62,Caty,Lindl,clindl1p@webeden.co.uk,Female,9.0,Alpine,Drive,Cleveland,Ohio,44118.0
63,Corry,Gumm,cgumm1q@cbsnews.com,Female,8.0,Harbort,Pass,Portsmouth,Virginia,23705.0
64,Silvain,Pendrill,spendrill1r@flavors.me,Male,,Westend,Road,Miami,Florida,33147.0
65,Gamaliel,Cottel,gcottel1s@merriam-webster.com,,28.0,Laurel,Place,Dallas,Texas,75251.0
66,Orland,Worsalls,oworsalls1t@cbslocal.com,Male,,Packers,Parkway,,,
67,Amabelle,Cocking,acocking1u@wired.com,Female,,Summerview,Court,San Jose,California,95173.0
68,Casper,Borris,,Male,47894.0,Mcguire,Center,Shreveport,Louisiana,71137.0
69,Cory,Staner,cstaner1w@scientificamerican.com,Female,3269.0,Fuller,Terrace,Kansas City,Kansas,66160.0
70,Rozella,Redmire,rredmire1x@nationalgeographic.com,Female,3479.0,Fairview,Alley,Moreno Valley,California,92555.0
71,Vassili,Lambard,vlambard1y@dagondesign.com,Male,2164.0,Clarendon,Center,Fort Worth,Texas,76147.0
72,Fionnula,Bollands,fbollands1z@ihg.com,Female,7449.0,Meadow Ridge,Street,Savannah,Georgia,31410.0
73,Bendick,Govini,bgovini20@free.fr,Male,14.0,Fisk,Junction,Huntington,West Virginia,25775.0
74,Germaine,Gronou,ggronou21@apple.com,Female,1691.0,Hoepker,Center,Naperville,Illinois,60567.0
75,Jacob,Patient,jpatient22@dailymail.co.uk,Male,7.0,Tennyson,Circle,Shawnee Mission,Kansas,
76,Nadean,Bletsor,nbletsor23@imageshack.us,Female,8022.0,Morrow,Center,Philadelphia,Pennsylvania,19131.0
77,Brad,Athowe,bathowe24@dagondesign.com,Male,9500.0,Coleman,Terrace,Pasadena,California,91131.0
78,Corey,Winfindine,cwinfindine25@mapquest.com,Female,96032.0,Maywood,Hill,Oklahoma City,Oklahoma,73152.0
79,Dulciana,Hessenthaler,,Female,5.0,Autumn Leaf,Junction,Baton Rouge,Louisiana,70810.0
80,Margaret,Jukes,mjukes27@imgur.com,Female,61281.0,Anzinger,Hill,,Georgia,30323.0
81,Tamera,Eisold,teisold28@homestead.com,Female,6164.0,Buena Vista,Avenue,Cincinnati,Ohio,
82,Jacquelyn,Naisey,jnaisey29@naver.com,Female,3115.0,Pearson,Park,Miami,Florida,33233.0
83,Nanci,Paulon,npaulon2a@tumblr.com,Female,,Hudson,Parkway,Washington,District of Columbia,20041.0
84,Ashla,Coopey,acoopey2b@deliciousdays.com,Female,68169.0,Hoepker,Plaza,Fargo,North Dakota,58106.0
85,Luciano,Battelle,lbattelle2c@telegraph.co.uk,Male,,Arizona,Plaza,Tucson,Arizona,85748.0
86,Shantee,Guitt,sguitt2d@chron.com,Female,,Corscot,Way,Erie,Pennsylvania,16505.0
87,Erena,Halburton,ehalburton2e@nytimes.com,Female,,John Wall,Crossing,Manassas,,22111.0
88,Baxie,Bridger,bbridger2f@1und1.de,,79016.0,Havey,Circle,Cincinnati,Ohio,45208.0
89,Helene,Fearn,hfearn2g@blogspot.com,Female,21.0,Scoville,Way,Salt Lake City,Utah,84145.0
90,Averil,Salt,,Male,28.0,Commercial,Park,London,Kentucky,
91,Sharline,Baldick,sbaldick2i@drupal.org,Female,6.0,Northwestern,Parkway,,Washington,
92,Estrella,Domotor,edomotor2j@nyu.edu,,4209.0,Fordem,Drive,San Antonio,Texas,78210.0
93,Marlow,Few,mfew2k@hibu.com,Male,64.0,Burrows,Terrace,Tampa,Florida,33686.0
94,Myra,Heningham,mheningham2l@cocolog-nifty.com,Female,,Green,Circle,Rochester,Minnesota,55905.0
95,Rafaela,Sibborn,rsibborn2m@taobao.com,Female,,Monterey,Junction,Bethlehem,Pennsylvania,18018.0
96,Debee,Riditch,driditch2n@unblog.fr,Female,,La Follette,Circle,Indianapolis,Indiana,46278.0
97,Susanetta,Cullotey,scullotey2o@youtu.be,Female,,Tennessee,Pass,Riverside,California,92513.0
98,Hendrick,Gowthrop,,Male,,Almo,Avenue,Springfield,,45505.0
99,Tedd,Keen,tkeen2q@gizmodo.com,Male,734.0,Daystar,Place,Milwaukee,Wisconsin,53210.0
100,Ianthe,Croix,icroix2r@statcounter.com,,,Sunnyside,Park,Jersey City,New Jersey,7305.0
101,Shermie,Nares,snares2s@amazonaws.com,Male,,Melby,Court,Lexington,Kentucky,40591.0
102,Dorie,Dutt,ddutt2t@hatena.ne.jp,Female,,Dwight,Center,Sarasota,Florida,34276.0
103,Vincenz,Brett,vbrett2u@sciencedirect.com,Male,8322.0,4th,Lane,Atlanta,Georgia,31106.0
104,Rosabelle,Gee,rgee2v@jigsy.com,Female,,Hovde,Place,Billings,Montana,59112.0
105,Lezlie,Durrant,,Female,96566.0,Schiller,Road,Portsmouth,New Hampshire,214.0
106,Gerardo,Pladen,gpladen2x@cornell.edu,Male,13793.0,Oakridge,Place,Inglewood,California,90398.0
107,Sondra,Ivancevic,sivancevic2y@hhs.gov,Female,,Ramsey,Hill,Chicago,,60691.0
108,Sharla,Dilliway,sdilliway2z@earthlink.net,Female,40102.0,Raven,Junction,Cincinnati,Ohio,45223.0
109,Stephanie,Petticrew,spetticrew30@nationalgeographic.com,Female,,Forster,Trail,San Francisco,California,94147.0
110,Archy,Jerred,ajerred31@ehow.com,Male,9149.0,Shoshone,Road,Washington,District of Columbia,20319.0
111,Alf,Spurden,aspurden32@jalbum.net,Male,,Clemons,Drive,Spokane,Washington,
112,Delora,Brawley,dbrawley33@gov.uk,Female,,Parkside,Center,Philadelphia,Pennsylvania,19191.0
113,Marve,Eastridge,meastridge34@freewebs.com,Male,,Nevada,Center,Pittsburgh,Pennsylvania,15266.0
114,Carolus,Rosenshine,crosenshine35@booking.com,Male,89.0,Gulseth,Alley,Mansfield,Ohio,44905.0
115,Karen,Sings,,Female,,Stoughton,Circle,Lakeland,Florida,33805.0
116,Ronalda,Fridd,rfridd37@patch.com,Female,8968.0,Summit,Park,Pueblo,Colorado,81015.0
117,Reinaldos,Braney,rbraney38@eepurl.com,Male,80.0,Clyde Gallagher,Drive,Columbus,,39705.0
118,Hubey,Kobera,hkobera39@patch.com,Male,,Amoth,Crossing,Wichita,Kansas,
119,Orin,Sterman,osterman3a@google.nl,Male,,Hansons,Road,Provo,Utah,84605.0
120,Deloria,Licence,dlicence3b@sciencedaily.com,Female,9.0,Stephen,Terrace,Houston,Texas,77271.0
121,Kriste,Allcott,kallcott3c@jimdo.com,Female,,Red Cloud,Way,Nashville,Tennessee,37245.0
122,Kimball,Pays,kpays3d@yelp.com,Male,16.0,Bluejay,Plaza,Columbia,South Carolina,29215.0
123,Tammara,Kiddey,tkiddey3e@mit.edu,,,Waubesa,Junction,San Antonio,Texas,78250.0
124,Berni,Ruprich,bruprich3f@cornell.edu,Female,,Mosinee,Crossing,Boston,Massachusetts,
125,Delia,Biddleston,dbiddleston3g@so-net.ne.jp,Female,,Fair Oaks,Way,,New York,10184.0
126,Trish,Barszczewski,tbarszczewski3h@so-net.ne.jp,Female,9147.0,Redwing,Pass,Birmingham,Alabama,
127,Gwynne,Bare,gbare3i@vistaprint.com,Female,31.0,Dixon,Junction,Syracuse,New York,13210.0
128,Alain,Suttaby,,Male,4.0,Golf,Court,Pittsburgh,Pennsylvania,15261.0
129,Ave,Whicher,,Male,706.0,Nelson,Alley,Arlington,Texas,76004.0
130,Jewelle,Whitesel,,Female,884.0,Mosinee,Trail,Hyattsville,Maryland,20784.0
131,Bonni,Splevings,bsplevings3m@cafepress.com,Female,2.0,Lillian,Way,Huntsville,Alabama,35895.0
132,Drucie,Brellin,dbrellin3n@mapquest.com,Female,2.0,Sundown,Way,Grand Junction,Colorado,81505.0
133,Gerladina,Welfare,gwelfare3o@free.fr,Female,0.0,Gateway,Center,Denver,Colorado,80228.0
134,Jule,Gladyer,jgladyer3p@cafepress.com,Male,48173.0,Arizona,Street,San Francisco,California,94132.0
135,Ferris,Aleshintsev,faleshintsev3q@google.it,Male,463.0,Sunbrook,Point,Sacramento,California,95813.0
136,Ulick,Divell,udivell3r@japanpost.jp,Male,,Bunting,Hill,New Orleans,Louisiana,
137,Ernestus,Rivenzon,erivenzon3s@dot.gov,Male,,Banding,Drive,Boston,Massachusetts,
138,Ewen,Toft,etoft3t@purevolume.com,Male,0.0,Briar Crest,Terrace,Memphis,Tennessee,38168.0
139,Giuseppe,Farndale,gfarndale3u@newyorker.com,Male,,Moose,Terrace,Saint Paul,Minnesota,55166.0
140,Tripp,Getch,tgetch3v@scribd.com,Male,925.0,Dixon,Hill,Shreveport,Louisiana,71166.0
141,Dot,Flemming,dflemming3w@wunderground.com,Female,,Red Cloud,Terrace,Dallas,Texas,75205.0
142,Kimmi,Clymer,kclymer3x,Female,5.0,Crownhardt,Hill,Tulsa,Oklahoma,74126.0
143,Wilmar,Friday,wfriday3y@meetup.com,Male,299.0,Pierstorff,Center,Jamaica,,11480.0
144,Warner,Fishbourn,wfishbourn3z@ocn.ne.jp,Male,785.0,Dovetail,Road,Portland,Oregon,97271.0
145,Isacco,Callender,icallender40@oracle.com,,6.0,Dennis,Parkway,Atlanta,Georgia,30316.0
146,Molly,Civitillo,mcivitillo41@hibu.com,Female,,Anthes,Avenue,,Texas,
147,Bobbee,Hush,,Female,3.0,Birchwood,Court,Grand Rapids,Michigan,49518.0
148,Ritchie,Sellwood,rsellwood43@cpanel.net,Male,,Forest Dale,Street,,Tennessee,38181.0
149,Libbi,Stredder,lstredder44@fc2.com,,555.0,Farragut,Plaza,Atlanta,Georgia,31196.0
150,Betsy,Seignior,bseignior45@bbc.co.uk,Female,5673.0,Dwight,Pass,Phoenix,Arizona,85035.0
151,Happy,Townson,htownson46@free.fr,Female,2181.0,Mandrake,Park,Louisville,Kentucky,40287.0
152,Ileane,Caesar,icaesar47@forbes.com,Female,487.0,Mccormick,Way,Garden Grove,California,92844.0
153,Dory,Kleinert,dkleinert48@umn.edu,Male,,Badeau,Avenue,Nashville,Tennessee,37235.0
154,Leland,Abrahmovici,labrahmovici49@fda.gov,Female,158.0,Barby,Crossing,Bronx,,10454.0
155,Fredia,Becom,,Female,8.0,Carey,Place,,Louisiana,
156,Jennie,Dods,,Female,50151.0,Nancy,Road,Saint Louis,Missouri,63196.0
157,Chevalier,Swaddle,cswaddle4c@redcross.org,Male,7.0,Ridgeview,Place,Los Angeles,California,90040.0
158,Calhoun,McNulty,cmcnulty4d@odnoklassniki.ru,Male,20.0,Blaine,Parkway,Young America,Minnesota,55557.0
159,Riobard,Shilleto,rshilleto4e@123-reg.co.uk,Male,,Arizona,Point,Naples,Florida,33961.0
160,Gray,Gagan,,Female,1122.0,Hooker,Road,Pompano Beach,Florida,33075.0
161,Glenn,Kmicicki,gkmicicki4g@altervista.org,Male,,Corry,Circle,New York City,New York,10060.0
162,Weider,Devanney,wdevanney4h@cornell.edu,Male,9.0,Eastlawn,Pass,Fayetteville,North Carolina,28305.0
163,Tansy,Puddifer,tpuddifer4i@amazon.de,Female,2.0,Comanche,Crossing,,Texas,77281.0
164,Nisse,Rimer,nrimer4j@odnoklassniki.ru,Female,8685.0,Cambridge,Plaza,Plano,Texas,
165,Kellby,Kenneway,,Male,12.0,Anniversary,Junction,Pasadena,California,91109.0
166,Nata,Erett,,Female,41.0,Wayridge,Point,Santa Barbara,,93111.0
167,Reyna,Keogh,rkeogh4m@slideshare.net,Female,19190.0,Delladonna,Pass,Anchorage,Alaska,99517.0
168,Joachim,Jenno,jjenno4n@businessweek.com,Male,51005.0,Straubel,Point,Louisville,Kentucky,40280.0
169,Winifield,Padwick,wpadwick4o@godaddy.com,Male,365.0,,,Houston,Texas,77218.0
170,Elvyn,Binden,ebinden4p@hostgator.com,Male,7087.0,Bunting,Place,Oklahoma City,Oklahoma,73124.0
171,Evita,Biddwell,ebiddwell4q@bravesites.com,Female,39.0,8th,Court,Boulder,Colorado,
172,Margarita,Forsyth,mforsyth4r@vk.com,Female,5.0,Veith,Alley,Charleston,West Virginia,25362.0
173,Marc,Guillotin,mguillotin4s@phpbb.com,Male,50769.0,Green Ridge,Way,Greensboro,North Carolina,27425.0
174,Bryanty,Haithwaite,bhaithwaite4t@pinterest.com,Male,151.0,Everett,Plaza,,Virginia,22156.0
175,Ari,Millthorpe,,Male,2.0,Toban,Junction,New York City,New York,
176,Juanita,Jedrzejkiewicz,jjedrzejkiewicz4v@taobao.com,,3.0,Sheridan,Place,Johnson City,Tennessee,37605.0
177,Cad,Aspinell,caspinell4w@cmu.edu,Male,,Drewry,Drive,San Diego,California,92105.0
178,Gran,Lipyeat,glipyeat4x@indiatimes.com,Male,7937.0,Starling,Circle,Miami,Florida,
179,Christoffer,Ruller,cruller4y@reverbnation.com,Male,3.0,Northport,Street,Wilmington,Delaware,19805.0
180,Borg,Hargraves,bhargraves4z@pagesperso-orange.fr,Male,,Ruskin,Way,Denver,Colorado,80235.0
181,Charo,Tesyro,ctesyro50@paginegialle.it,Female,95.0,Old Shore,Circle,Alexandria,Virginia,22309.0
182,Raychel,Burdess,rburdess51@google.com.br,Female,807.0,Northland,Terrace,Evansville,Indiana,47725.0
183,Corey,Buard,cbuard52@senate.gov,Male,8.0,Susan,Street,Monticello,Minnesota,
184,Doll,Ravilious,dravilious53@booking.com,Female,294.0,Claremont,Court,Peoria,Illinois,61635.0
185,Bastien,Humes,bhumes54@hubpages.com,Male,92.0,Dapin,Place,Shreveport,Louisiana,
186,Allene,Hebbes,ahebbes55@instagram.com,Female,4826.0,Sachs,Alley,San Angelo,Texas,76905.0
187,Filippo,Geraldez,fgeraldez56@canalblog.com,Male,4.0,Harbort,Crossing,Los Angeles,California,90087.0
188,Jacky,Loughnan,jloughnan57@taobao.com,Female,28.0,Northwestern,Street,Montgomery,Alabama,36195.0
189,Sharla,Surphliss,ssurphliss58@businesswire.com,Female,,Mandrake,Drive,Corpus Christi,Texas,78410.0
190,Dougie,Sive,,Male,8.0,Loomis,Junction,,Washington,
191,Saw,Lightwood,slightwood5a@flickr.com,Male,29376.0,Tennessee,Avenue,Hattiesburg,Mississippi,39404.0
192,Yance,Gregh,ygregh5b@is.gd,,9.0,La Follette,Alley,Lubbock,Texas,79415.0
193,Elisabet,Woodroof,ewoodroof5c@taobao.com,Female,,Warner,Point,Tacoma,Washington,98424.0
194,Alida,Scirman,ascirman5d@g.co,Female,5840.0,Talmadge,Lane,Dayton,,45403.0
195,Pamelina,Keesman,pkeesman5e@sohu.com,Female,3.0,Mifflin,Parkway,Tucson,Arizona,85715.0
196,Myrwyn,Retchless,mretchless5f@youtu.be,Male,6650.0,Southridge,Road,Pittsburgh,Pennsylvania,15255.0
197,Hamish,Couzens,hcouzens5g@dropbox.com,Male,3.0,Bonner,Point,Memphis,,
198,Jerry,Gronw,jgronw5h@bloomberg.com,Female,0.0,Orin,Road,,Georgia,30380.0
199,Annie,Ronca,aronca5i@i2i.jp,Female,3.0,Lakewood,Hill,Brooklyn,New York,11236.0
200,Dael,Gianinotti,dgianinotti5j@opensource.org,Male,11570.0,Delladonna,Parkway,Tampa,Florida,33694.0
201,Noelani,Sidnell,nsidnell5k@apple.com,Female,,,,,Michigan,49018.0
202,Courtney,Peacocke,cpeacocke5l@google.pl,Male,165.0,Kennedy,Terrace,New Orleans,,70129.0
203,Boris,Bertomeu,bbertomeu5m@angelfire.com,Male,34.0,Blue Bill Park,Junction,Boise,Idaho,83711.0
204,Vivienne,Kitchaside,vkitchaside5n@behance.net,Female,81.0,Mayfield,Drive,Indianapolis,,46254.0
205,Yorke,Desouza,,Male,19565.0,Sundown,Way,Laredo,Texas,78044.0
206,Kerrie,Wiggans,kwiggans5p@harvard.edu,Female,23.0,Crownhardt,Trail,Independence,Missouri,
207,Harbert,Lampart,hlampart5q@mediafire.com,Male,91486.0,Clemons,Alley,Boca Raton,Florida,33499.0
208,Inesita,Allcorn,iallcorn5r@amazon.co.jp,Female,0.0,Fremont,Court,Columbia,South Carolina,29225.0
209,Chancey,Freddi,cfreddi5s@economist.com,Male,,Mallory,Lane,Irvine,California,
210,Anson,Sim,asim5t@mtv.com,Male,3.0,Swallow,Street,Chula Vista,California,91913.0
211,Doris,Cartmer,,Female,2.0,Burning Wood,Parkway,Sacramento,California,94230.0
212,Cornelius,Waye,cwaye5v@fda.gov,Male,55838.0,Ronald Regan,Place,,California,91186.0
213,Obediah,McAndrew,omcandrew5w@csmonitor.com,Male,6590.0,3rd,Lane,Rochester,New York,14652.0
214,Jeralee,Bolmann,jbolmann5x@google.cn,Female,36.0,Donald,Trail,Savannah,Georgia,
215,Calvin,Dhenin,cdhenin5y@harvard.edu,Male,101.0,Goodland,Alley,Akron,Ohio,44329.0
216,Truman,Dooher,,Male,3923.0,Goodland,Drive,Littleton,Colorado,80161.0
217,Gasparo,Pattemore,gpattemore60@biblegateway.com,Male,8639.0,Marcy,Terrace,Monroe,Louisiana,71208.0
218,Jobina,Ende,jende61@rambler.ru,Female,,Glacier Hill,Junction,Las Vegas,Nevada,
219,Candie,Fawdrey,cfawdrey62@umn.edu,Female,3295.0,Gale,Place,Lakeland,Florida,33811.0
220,Frayda,Copcutt,fcopcutt63@nsw.gov.au,,4190.0,Loftsgordon,Road,Mount Vernon,New York,10557.0
221,Eryn,Bernardoux,ebernardoux64@4shared.com,Female,24852.0,Bonner,Lane,Dayton,Ohio,45432.0
222,Alli,Dranfield,adranfield65@cyberchimps.com,Female,0.0,Oxford,Center,Yonkers,New York,10705.0
223,Hersch,Kevane,hkevane66@buzzfeed.com,Male,742.0,Corry,Lane,Florence,South Carolina,29505.0
224,Dwayne,De Dantesie,ddedantesie67@bizjournals.com,Male,29032.0,Havey,Hill,Memphis,Tennessee,38188.0
225,Vance,von Grollmann,,Male,45.0,Lakewood Gardens,Junction,Carol Stream,Illinois,60351.0
226,Baird,Worledge,bworledge69@yahoo.com,Male,,Huxley,Avenue,Portsmouth,New Hampshire,214.0
227,Vannie,Thornber,vthornber6a@chron.com,Female,76.0,Forster,Street,Dallas,,75277.0
228,Aeriell,Dumphries,adumphries6b@nydailynews.com,Female,,Kinsman,Court,Worcester,Massachusetts,
229,Jervis,Escalante,jescalante6c@posterous.com,Male,0.0,Farmco,Road,Columbia,South Carolina,29215.0
230,Wandie,Gerraty,wgerraty6d@networkadvertising.org,Female,72.0,Lakewood,Way,Dallas,Texas,75342.0
231,Gratiana,Nusche,gnusche6e@thetimes.co.uk,Female,3398.0,Bayside,Lane,Cincinnati,Ohio,45243.0
232,Arman,Tinmouth,atinmouth6f@wunderground.com,Male,,Hoepker,Pass,Las Vegas,Nevada,89166.0
233,Bendix,Fitzsymon,bfitzsymon6g@gravatar.com,Male,73.0,Clarendon,Junction,Tacoma,Washington,98447.0
234,Cort,Sanchis,csanchis6h@ifeng.com,Male,,International,Avenue,Austin,Texas,78778.0
235,Chen,Percifer,cpercifer6i@deviantart.com,Male,8560.0,Prentice,Hill,Madison,Wisconsin,
236,Alexei,Marien,amarien6j@bbb.org,Male,742.0,Spohn,Drive,Charlotte,North Carolina,28215.0
237,Lem,Pogue,lpogue6k@wikia.com,Male,,Vidon,Place,North Hollywood,California,91606.0
238,May,Pala,mpala6l@indiegogo.com,Female,,,,Milwaukee,Wisconsin,53285.0
239,Maurice,Landells,mlandells6m@dion.ne.jp,Male,7048.0,Dixon,Place,New Orleans,Louisiana,70183.0
240,Shaine,Lumsdall,slumsdall6n@digg.com,Male,80.0,Miller,Junction,Montgomery,Alabama,36104.0
241,Dianne,Burkwood,,Female,3840.0,Sycamore,Lane,,Pennsylvania,18706.0
242,Boycey,Vautier,bvautier6p@liveinternet.ru,Male,,Scofield,Place,Columbus,Ohio,43231.0
243,Isiahi,McMillian,imcmillian6q@webeden.co.uk,Male,13281.0,Dunning,Plaza,El Paso,Texas,88563.0
244,Glynda,Ratcliff,,Female,2.0,Sundown,Point,Winston Salem,North Carolina,27105.0
245,Anatola,MacGorley,amacgorley6s@globo.com,Female,79.0,Coolidge,Junction,Des Moines,Iowa,50310.0
246,Elmer,Finnis,,Male,4570.0,Bluestem,Avenue,New Orleans,Louisiana,70129.0
247,Phillie,Eborall,peborall6u@admin.ch,Female,9336.0,Birchwood,Avenue,Saint Louis,Missouri,63150.0
248,Cliff,Selvey,cselvey6v@adobe.com,Male,66953.0,,,Helena,,59623.0
249,Yvon,Robardey,yrobardey6w@bbb.org,Male,52.0,Anniversary,Plaza,Los Angeles,California,
250,Thaddus,Gillard,tgillard6x@fastcompany.com,Male,100.0,Duke,Drive,Alexandria,Virginia,22301.0
251,Bartholomeo,McConville,bmcconville6y@hostgator.com,Male,2.0,La Follette,Pass,Evansville,Indiana,47737.0
252,Netty,Ackland,nackland6z@vkontakte.ru,Female,6.0,Village Green,Lane,Canton,Ohio,44705.0
253,Bartholomeus,Arthars,,Male,212.0,Waxwing,Plaza,Houston,Texas,77040.0
254,Devy,Fennell,dfennell71@toplist.cz,Male,30915.0,Brickson Park,Court,Memphis,Tennessee,38104.0
255,Nedi,Pettisall,npettisall72@simplemachines.org,Female,72.0,Cambridge,Pass,Miami,Florida,33158.0
256,Mignonne,Krystek,mkrystek73@arizona.edu,Female,670.0,Continental,Pass,San Francisco,California,94121.0
257,Deane,Balmforth,dbalmforth74@tripod.com,Male,,John Wall,Park,Naples,Florida,34102.0
258,Atalanta,McLinden,amclinden75@phoca.cz,Female,3165.0,Pennsylvania,Circle,El Paso,Texas,79950.0
259,Griffy,Houliston,ghouliston76@unicef.org,Male,5607.0,Morrow,Junction,,Ohio,44111.0
260,Ulrike,Tivenan,utivenan77@last.fm,Female,,Moose,Junction,Sacramento,California,95813.0
261,Reeta,Atcock,ratcock78@sphinn.com,Female,901.0,Farwell,Place,Little Rock,Arkansas,
262,Reine,Metzke,,Female,389.0,Quincy,Plaza,Dearborn,Michigan,48126.0
263,Zack,Goult,zgoult7a@unicef.org,Male,89.0,Bluestem,Court,,,63121.0
264,Stearn,Elldred,selldred7b@nbcnews.com,Male,80.0,Roth,Avenue,Miami,Florida,33124.0
265,Gunther,Tremayle,gtremayle7c@xrea.com,Male,29064.0,Menomonie,Place,San Diego,California,92170.0
266,Jaimie,Grewer,jgrewer7d@loc.gov,Female,,Hanover,Court,Houston,Texas,77293.0
267,Eveline,Duke,eduke7e@upenn.edu,Female,,Tennessee,Center,Philadelphia,Pennsylvania,19172.0
268,Artair,Matejic,amatejic7f@google.com.br,Male,61027.0,Pearson,Junction,Dallas,Texas,75342.0
269,Nolan,Proppers,nproppers7g@smugmug.com,Male,669.0,Green,Way,Honolulu,Hawaii,
270,Jessa,Osanne,,Female,3.0,Marcy,Junction,Los Angeles,California,90076.0
271,Abel,Peidro,,Male,5766.0,Pearson,Park,Warren,Ohio,44485.0
272,Patten,Yaneev,pyaneev7j@tuttocitta.it,Male,24.0,Crowley,Crossing,Phoenix,Arizona,85010.0
273,Benson,Reynoollds,breynoollds7k@clickbank.net,Male,290.0,Farwell,Circle,,California,90505.0
274,Filmore,Aucoate,faucoate7l@scribd.com,Male,81.0,Scott,Place,Atlanta,Georgia,30368.0
275,Wendel,Ormesher,,Male,,Veith,Place,Mobile,Alabama,36605.0
276,Sidonia,Edworthye,sedworthye7n@bloglines.com,Female,8.0,Pankratz,Park,Sacramento,California,
277,Carlyn,Damarell,cdamarell7o@ibm.com,Female,688.0,Moland,Plaza,New York City,New York,10170.0
278,Spencer,Emmines,,,,Hansons,Drive,Philadelphia,Pennsylvania,19131.0
279,Glen,Mullin,gmullin7q@nature.com,Male,,Westport,Street,Toledo,Ohio,43699.0
280,Beatrix,Inglish,binglish7r@uol.com.br,Female,327.0,Miller,Lane,Garland,Texas,75049.0
281,Hedy,Rickarsey,hrickarsey7s@redcross.org,Female,,David,Pass,Jamaica,New York,11480.0
282,Fielding,Lowrie,flowrie7t@nyu.edu,Male,47.0,Paget,Center,Pittsburgh,Pennsylvania,15240.0
283,Dulsea,Bente,dbente7u@geocities.com,Female,799.0,Leroy,Point,Pittsburgh,Pennsylvania,15274.0
284,Dania,Pennycuick,,Female,0.0,Melby,Crossing,Mc Keesport,Pennsylvania,15134.0
285,Josepha,Peele,jpeele7w@liveinternet.ru,,71.0,Village,Hill,Temple,Texas,
286,Rolando,Matysiak,,Male,4817.0,Talisman,Terrace,,Oregon,97211.0
287,Shannah,Olivas,solivas7y@ftc.gov,Female,18.0,Mcguire,Place,Detroit,Michigan,
288,Hugibert,Gensavage,,Male,,Eastwood,Circle,Indianapolis,Indiana,
289,Paulette,Mallindine,pmallindine80@economist.com,Female,35868.0,Evergreen,Alley,Milwaukee,Wisconsin,
290,Fey,Spancock,fspancock81@bloglines.com,Female,,Sycamore,Point,Alexandria,Virginia,
291,Connie,Iceton,ciceton82@gnu.org,Female,82046.0,Kensington,Plaza,Chicago,Illinois,60636.0
292,Osbourne,Hazzard,ohazzard83@bandcamp.com,Male,,Darwin,Alley,Wilkes Barre,Pennsylvania,18706.0
293,Phillipe,Glasper,pglasper84@wired.com,Male,21302.0,Bluestem,Street,Buffalo,,14215.0
294,Elston,Ebdon,,Male,4.0,Pleasure,Crossing,Omaha,Nebraska,68105.0
295,Adeline,Iglesias,aiglesias86@posterous.com,Female,,Hallows,Place,Ridgely,,21684.0
296,Gordan,Keher,,Male,310.0,Hazelcrest,Pass,Pittsburgh,,15286.0
297,Leonerd,Frantzeni,lfrantzeni88@lulu.com,Male,5.0,Colorado,Junction,San Antonio,Texas,78220.0
298,Val,Eakens,veakens89@dailymotion.com,Male,89.0,Transport,Hill,Atlanta,Georgia,30368.0
299,Thane,Patridge,tpatridge8a@independent.co.uk,Male,215.0,Manley,Crossing,,Texas,77705.0
300,Ezekiel,Frizzell,efrizzell8b@java.com,Male,954.0,Pawling,Point,Naples,Florida,
301,Bertha,Matic,bmatic8c@miibeian.gov.cn,Female,,Meadow Valley,Place,Worcester,Massachusetts,1605.0
302,Sayers,Colthurst,scolthurst8d@indiatimes.com,Male,,Eliot,Junction,Seattle,Washington,98195.0
303,Brynne,Trinke,btrinke8e@admin.ch,Female,2.0,Annamark,Parkway,New York City,New York,10160.0
304,Joellyn,Scarce,jscarce8f@wordpress.org,Female,1574.0,Sunbrook,Parkway,Charlotte,North Carolina,28278.0
305,Ewen,Bonner,ebonner8g@whitehouse.gov,Male,1.0,Eastlawn,Pass,,Arizona,85737.0
306,Puff,Scones,pscones8h@utexas.edu,Male,,Kensington,Plaza,Little Rock,Arkansas,72204.0
307,Mareah,Tankus,,Female,92.0,Kensington,Junction,Baton Rouge,,70894.0
308,Staffard,Karlolak,skarlolak8j@cloudflare.com,Male,,Ilene,Lane,San Diego,California,92160.0
309,Wynn,Furphy,wfurphy8k@yahoo.com,Male,9955.0,Anniversary,Pass,Austin,Texas,78769.0
310,Susann,Velden,svelden8l@utexas.edu,Female,8.0,,,Denver,Colorado,80204.0
311,Berty,Vaillant,bvaillant8m@blog.com,Female,0.0,Drewry,Terrace,Saint Petersburg,Florida,33705.0
312,Elle,Coultish,ecoultish8n@techcrunch.com,Female,88.0,Westerfield,Pass,Milwaukee,Wisconsin,53234.0
313,Obediah,Robke,orobke8o@ox.ac.uk,Male,4.0,Mendota,Plaza,Nashville,Tennessee,37205.0
314,Jefferson,Lesper,jlesper8p@geocities.jp,Male,,Brentwood,Plaza,Loretto,Minnesota,55598.0
315,Vail,Godwyn,vgodwyn8q@ucsd.edu,Male,6733.0,Sunfield,Hill,Boston,Massachusetts,
316,Benoit,Witnall,bwitnall8r@google.com.br,Male,,Norway Maple,Junction,Newark,Delaware,19714.0
317,Yoko,Trigwell,ytrigwell8s@cnbc.com,Female,55167.0,Briar Crest,Alley,Kansas City,Missouri,
318,Elmo,Mahody,emahody8t@desdev.cn,Male,18.0,Becker,Park,,California,
319,Ardelle,Kondratowicz,akondratowicz8u@usa.gov,Female,4856.0,Bluestem,Lane,Dallas,Texas,75221.0
320,Ryan,Mushet,rmushet8v@cafepress.com,Male,,Homewood,Hill,Scottsdale,Arizona,85271.0
321,Lillian,Esby,lesby8w@huffingtonpost.com,Female,,Continental,Center,Stamford,Connecticut,
322,Ynes,Lindro,ylindro8x@google.it,Female,832.0,Manitowish,Drive,Terre Haute,Indiana,47812.0
323,Kimmy,Kondrachenko,kkondrachenko8y@uol.com.br,Female,,Hansons,Plaza,Gastonia,North Carolina,28055.0
324,Raddie,Brokenshaw,rbrokenshaw8z@sun.com,,19905.0,Loftsgordon,Hill,Long Beach,California,90831.0
325,Nike,Tuckie,ntuckie90@pen.io,Female,32492.0,Ohio,Alley,Denver,Colorado,80204.0
326,Ermanno,Dimmick,edimmick91@amazon.co.jp,Male,,Oxford,Place,Jacksonville,Florida,32259.0
327,Renata,Inde,,Female,6044.0,Spaight,Point,Pinellas Park,Florida,34665.0
328,Faina,Agdahl,,Female,,Kim,Center,El Paso,Texas,79905.0
329,Corny,Gillopp,cgillopp94@psu.edu,Female,,Magdeline,Pass,Honolulu,Hawaii,96840.0
330,Bordie,McKague,bmckague95@latimes.com,Male,4799.0,Farmco,Avenue,Cleveland,Ohio,44185.0
331,Laird,Flux,lflux96@people.com.cn,,0.0,Tony,Park,Cincinnati,Ohio,45238.0
332,Herb,Mechic,hmechic97@berkeley.edu,Male,476.0,Graceland,Junction,Spokane,Washington,99210.0
333,Vernor,Gerred,vgerred98@bigcartel.com,Male,8645.0,Porter,Court,White Plains,New York,10606.0
334,Barbaraanne,Ciccottio,bciccottio99@paginegialle.it,Female,75.0,Forest,Parkway,Cincinnati,Ohio,45213.0
335,Nevins,Bosher,nbosher9a@paypal.com,Male,,Mariners Cove,Center,Rockford,,61110.0
336,Rici,Clemas,rclemas9b@networksolutions.com,Female,8826.0,Jenna,Alley,Orlando,Florida,32819.0
337,West,Edgell,wedgell9c@123-reg.co.uk,Male,618.0,Moose,Parkway,Richmond,California,94807.0
338,Kay,Kleanthous,kkleanthous9d@topsy.com,Female,1979.0,Walton,Junction,Anaheim,California,92805.0
339,Gaven,Chettoe,gchettoe9e@shop-pro.jp,Male,,Center,Plaza,Shawnee Mission,Kansas,66286.0
340,Chuck,Pearce,cpearce9f@live.com,Male,81769.0,Boyd,Place,Des Moines,Iowa,50936.0
341,Florentia,Guiso,,Female,4.0,Pepper Wood,Way,Los Angeles,California,
342,Raffarty,Wabb,,Male,8.0,Roth,Parkway,Fargo,North Dakota,58106.0
343,Klaus,Linebarger,klinebarger9i@sohu.com,Male,6580.0,Fairfield,Alley,Washington,District of Columbia,
344,Gabriellia,Eastgate,geastgate9j@slideshare.net,,,South,Park,Evansville,Indiana,47705.0
345,Joli,Heal,jheal9k@kickstarter.com,Female,1.0,Amoth,Court,Huntington,West Virginia,
346,Zelig,Hawick,zhawick9l@nationalgeographic.com,Male,94.0,Hazelcrest,Parkway,Fresno,California,93750.0
347,Shermie,Skitteral,sskitteral9m@marketwatch.com,Male,40.0,,,Aurora,Illinois,60505.0
348,Temp,Juzek,tjuzek9n@home.pl,Male,52387.0,Reinke,Place,Detroit,,48242.0
349,Trip,Embery,tembery9o@dell.com,Male,82741.0,Hanson,Junction,Honolulu,Hawaii,
350,Orlan,Giacomasso,ogiacomasso9p@hp.com,Male,62.0,,,Saint Augustine,Florida,
351,Ilaire,O'Currine,iocurrine9q@samsung.com,Male,2648.0,Dixon,Street,Newark,New Jersey,7195.0
352,Gunther,Dainter,gdainter9r@privacy.gov.au,Male,75.0,Oakridge,Alley,West Palm Beach,Florida,33405.0
353,Mauricio,Lenihan,,Male,,Loomis,Trail,,South Carolina,29579.0
354,Silvie,Bentsen,sbentsen9t@sphinn.com,Female,,Gina,Crossing,Fort Lauderdale,Florida,33330.0
355,Julianna,Gammel,jgammel9u@who.int,Female,,Waywood,Terrace,Akron,Ohio,44393.0
356,Bram,Collumbine,,Male,586.0,Lindbergh,Pass,Reading,Pennsylvania,
357,Lev,Dimitru,ldimitru9w@hp.com,Male,,Lyons,Road,,Alabama,
358,Davine,O'Fallone,dofallone9x@squidoo.com,Female,5.0,Charing Cross,Street,San Francisco,California,94154.0
359,Roselle,Rodear,rrodear9y@springer.com,Female,4014.0,Badeau,Trail,Topeka,Kansas,66699.0
360,Brit,Medcalfe,bmedcalfe9z@businessweek.com,Male,6573.0,Bluejay,Point,Madison,Wisconsin,53716.0
361,Charlena,Kelwick,ckelwicka0@umn.edu,,,Muir,Avenue,Houston,Texas,77218.0
362,Gui,Dupey,gdupeya1@nbcnews.com,Female,8278.0,Waywood,Parkway,Boston,Massachusetts,2163.0
363,Abel,Rodenhurst,arodenhursta2@youtu.be,Male,7578.0,,,Saint Petersburg,Florida,33710.0
364,Lemmie,Iannini,lianninia3@printfriendly.com,Male,480.0,Weeping Birch,Alley,,Arizona,85720.0
365,Mala,Collier,mcolliera4@jigsy.com,Female,2.0,Fuller,Court,,District of Columbia,20062.0
366,Dale,Coners,dconersa5@biblegateway.com,Female,78.0,Erie,Alley,Omaha,Nebraska,68164.0
367,Mose,Lawland,,Male,93.0,Commercial,Lane,Huntsville,Alabama,35815.0
368,Chelsy,Honatsch,chonatscha7@ebay.co.uk,Female,0.0,Killdeer,Parkway,Fort Myers,Florida,
369,Ernestine,Oby,eobya8@yellowbook.com,,6.0,Bobwhite,Junction,Carol Stream,Illinois,60351.0
370,Galvin,Saladine,gsaladinea9@usgs.gov,Male,,Stoughton,Lane,Santa Barbara,California,
371,Bowie,Barends,bbarendsaa@biblegateway.com,Male,40.0,Chinook,Parkway,Migrate,Kentucky,41905.0
372,Querida,Antat,qantatab@paypal.com,Female,55.0,Transport,Street,Chicago,Illinois,60681.0
373,Tatum,Wadforth,twadforthac@cnbc.com,Female,5.0,Erie,Street,Columbia,South Carolina,29240.0
374,Bond,Luxford,bluxfordad@vkontakte.ru,Male,1.0,Delaware,Parkway,Columbus,Georgia,31914.0
375,Karon,Edens,kedensae@t-online.de,Female,2006.0,Old Gate,Place,Fort Smith,Arkansas,72916.0
376,See,Puckey,spuckeyaf@cisco.com,Male,4464.0,Bunker Hill,Alley,Springfield,,1152.0
377,Curtis,Bugdale,cbugdaleag@wordpress.org,Male,8.0,Spaight,Point,Reno,Nevada,89519.0
378,Olivero,Skim,oskimah@cnet.com,Male,870.0,Huxley,Crossing,Albany,New York,12210.0
379,Nertie,Griswood,ngriswoodai@ustream.tv,Female,,Montana,Circle,Conroe,Texas,77305.0
380,Corry,Kigelman,ckigelmanaj@skyrock.com,Female,34923.0,Burning Wood,Way,Spartanburg,,29319.0
381,Adele,Conniam,aconniamak@wordpress.com,Female,837.0,Magdeline,Park,South Bend,Indiana,46699.0
382,Lory,MacConnal,lmacconnalal@ibm.com,Female,0.0,Bultman,Lane,New York City,New York,10004.0
383,Locke,Segar,lsegaram@youku.com,Male,3298.0,Sage,Junction,Young America,Minnesota,
384,Putnem,Gauge,pgaugean@china.com.cn,Male,298.0,Mifflin,Park,Madison,Wisconsin,53785.0
385,Deina,Swatridge,,Female,4.0,Quincy,Parkway,Lake Worth,Florida,33462.0
386,Issiah,Arkil,,Male,94.0,Eagle Crest,Alley,Birmingham,Alabama,35236.0
387,Jessalin,McFadzean,jmcfadzeanaq@bloglines.com,Female,,Havey,Alley,Madison,Wisconsin,53785.0
388,Zackariah,Kalkhoven,zkalkhovenar@soundcloud.com,Male,,Hanson,Circle,Fort Worth,Texas,76162.0
389,Kristine,Baird,,Female,,Weeping Birch,Terrace,Pittsburgh,Pennsylvania,15255.0
390,Rosanna,Scain,rscainat@hugedomains.com,Female,83.0,Crescent Oaks,Hill,Los Angeles,California,90060.0
391,Andrei,Peggram,apeggramau@blogger.com,Female,9.0,Armistice,Pass,Fort Wayne,Indiana,46857.0
392,Robinett,Davydzenko,rdavydzenkoav@gmpg.org,,7.0,Rutledge,Parkway,,Nevada,89505.0
393,Nial,Thunderchief,,Male,2899.0,Spenser,Alley,Long Beach,California,
394,Jessamine,Ibbott,jibbottax@ebay.co.uk,Female,31291.0,Park Meadow,Lane,Lexington,Kentucky,40546.0
395,Nicolea,Hirsch,nhirschay@example.com,Female,478.0,Alpine,Circle,Albany,New York,
396,Carmella,Craik,ccraikaz@bloomberg.com,Female,68202.0,Delladonna,Plaza,Plano,Texas,75074.0
397,Sophie,Davies,sdaviesb0@tripod.com,Female,41.0,Scofield,Pass,Billings,Montana,59105.0
398,Kendrick,Merrywether,kmerrywetherb1@dot.gov,Male,97.0,Jana,Hill,New York City,New York,
399,Serene,Melross,smelrossb2@wp.com,Female,18.0,Iowa,Plaza,Chicago,Illinois,60663.0
400,Burty,Kyffin,bkyffinb3,Male,21047.0,Dayton,Trail,San Diego,California,92170.0
401,Neddie,Wipper,nwipperb4@etsy.com,Male,,Dottie,Avenue,Los Angeles,California,
402,Karleen,Guitonneau,kguitonneaub5@eventbrite.com,Female,79052.0,Lighthouse Bay,Plaza,Richmond,Virginia,
403,Arlen,Vsanelli,avsanellib6@privacy.gov.au,Female,6920.0,Jenifer,Street,Long Beach,,90831.0
404,Cynthia,Habershaw,chabershawb7@live.com,Female,7122.0,Daystar,Plaza,Tallahassee,Florida,32399.0
405,Starlene,Belsey,sbelseyb8@shop-pro.jp,Female,5382.0,Burrows,Point,Whittier,California,90605.0
406,Marten,Restill,mrestillb9@elpais.com,Male,,Moulton,Pass,,Nevada,89150.0
407,Gianina,Tureville,gturevilleba@narod.ru,Female,246.0,,,Canton,Ohio,44760.0
408,Irena,Cairney,icairneybb@canalblog.com,Female,34.0,,,Shreveport,Louisiana,71105.0
409,Judith,Arnoldi,jarnoldibc@wunderground.com,Female,8903.0,Hovde,Junction,,Pennsylvania,19136.0
410,Andris,McOrkill,amcorkillbd@joomla.org,Male,7987.0,Hoard,Point,Detroit,Michigan,48275.0
411,Winfred,Laverty,wlavertybe@hud.gov,Male,84.0,Del Mar,Park,Erie,Pennsylvania,16534.0
412,Trish,Spreckley,tspreckleybf@jalbum.net,Female,82768.0,Westport,Parkway,Reston,Virginia,20195.0
413,Audi,Baulk,abaulkbg@mediafire.com,Female,5547.0,Swallow,Pass,Columbus,Ohio,43226.0
414,Gertrud,Malone,gmalonebh@tmall.com,Female,4.0,Evergreen,Drive,Denver,Colorado,80243.0
415,Xena,Luetkemeyers,xluetkemeyersbi@imdb.com,Female,,Oakridge,Circle,South Lake Tahoe,California,96154.0
416,Alexia,Lindenstrauss,alindenstraussbj@diigo.com,Female,12519.0,Clove,Street,Dayton,Ohio,45440.0
417,Laureen,Strephan,,Female,6544.0,Canary,Alley,Washington,District of Columbia,20575.0
418,Bary,Dundredge,bdundredgebl@sfgate.com,Male,77.0,,,,Texas,
419,Natty,Casson,ncassonbm@surveymonkey.com,Male,68121.0,Wayridge,Crossing,Minneapolis,,55417.0
420,Sibley,Commucci,scommuccibn@spotify.com,Female,,New Castle,Drive,El Paso,,79950.0
421,Saul,Hars,sharsbo@webmd.com,Male,6574.0,Arrowood,Point,Wilmington,,
422,Adoree,Rosone,,Female,30.0,Sunfield,Pass,Miami,Florida,33245.0
423,Raphael,Woolnough,rwoolnoughbq@hibu.com,Male,,Maple Wood,Hill,,,51110.0
424,Harlan,Prigmore,hprigmorebr@yolasite.com,Male,4.0,Del Mar,Parkway,Charleston,West Virginia,25326.0
425,Conney,Scriven,,Male,162.0,Lukken,Alley,Seattle,Washington,98185.0
426,Duffie,Wetherell,dwetherellbt@cisco.com,Male,66769.0,Mosinee,Crossing,,Texas,75185.0
427,Flint,McDonnell,fmcdonnellbu@google.cn,Male,517.0,Hauk,Terrace,Huntington,West Virginia,25770.0
428,Norine,Ziemecki,nziemeckibv@yellowbook.com,Female,,Linden,Terrace,New York City,New York,10034.0
429,Denis,Perillo,dperillobw@odnoklassniki.ru,Male,83261.0,Melody,Point,Gary,Indiana,46406.0
430,Filbert,Colmore,fcolmorebx@opera.com,Male,68.0,Continental,Circle,Rochester,New York,
431,Dalt,Athridge,dathridgeby@jimdo.com,Male,6.0,Spenser,Alley,Atlanta,Georgia,30351.0
432,Damiano,Stealey,dstealeybz@wisc.edu,Male,360.0,Melvin,Circle,Santa Ana,California,92725.0
433,Garald,Ox,goxc0@zdnet.com,Male,27124.0,Hoffman,Point,Shawnee Mission,Kansas,66220.0
434,Malcolm,Baldazzi,mbaldazzic1@utexas.edu,Male,761.0,Petterle,Avenue,Harrisburg,,
435,Lolly,Balderstone,lbalderstonec2@delicious.com,Female,49.0,Lotheville,Hill,East Saint Louis,Illinois,62205.0
436,Jon,Braidford,jbraidfordc3@bing.com,Male,122.0,Weeping Birch,Trail,El Paso,Texas,79945.0
437,Aluino,Wogdon,awogdonc4@purevolume.com,Male,,Canary,Plaza,Fort Collins,Colorado,80525.0
438,Andromache,Duell,aduellc5@themeforest.net,Female,6.0,Banding,Place,Philadelphia,Pennsylvania,19184.0
439,Julita,Whyley,jwhyleyc6@japanpost.jp,Female,46.0,Acker,Trail,,Arizona,85255.0
440,Catlaina,Gunney,cgunneyc7@columbia.edu,Female,,Meadow Ridge,Place,San Bernardino,California,92415.0
441,Vivian,Doumer,vdoumerc8@stanford.edu,Female,,Redwing,Way,Columbus,Ohio,
442,Geordie,Zini,gzinic9@amazon.com,Male,149.0,Tennyson,Center,Madison,,53726.0
443,Constance,MacRory,cmacroryca@cam.ac.uk,Female,,Fulton,Pass,Evansville,Indiana,
444,Cello,Verduin,cverduincb@creativecommons.org,Male,,Mallory,Alley,Detroit,Michigan,48232.0
445,Vasili,Fullick,vfullickcc@prweb.com,,,Sachtjen,Trail,Baltimore,Maryland,21239.0
446,Terrye,Chezier,tcheziercd@over-blog.com,Female,58.0,Anderson,Crossing,Colorado Springs,Colorado,80925.0
447,Bennett,Gutowski,bgutowskice@biglobe.ne.jp,Male,87316.0,Butternut,Parkway,Vancouver,Washington,98687.0
448,Darill,Drews,ddrewscf@hc360.com,Male,33.0,Pankratz,Junction,Fresno,California,93715.0
449,Charmion,Matthaus,cmatthauscg@cisco.com,Female,,Hauk,Drive,,California,93704.0
450,Towny,Jiricka,tjirickach@symantec.com,Male,,Holy Cross,Drive,Providence,Rhode Island,2912.0
451,Leeland,Southerton,lsouthertonci@sina.com.cn,Male,651.0,Boyd,Center,Tucson,Arizona,85737.0
452,Curran,Wickersley,cwickersleycj@techcrunch.com,Male,8758.0,Evergreen,Hill,Brockton,Massachusetts,2305.0
453,Wain,Stollsteiner,,Male,921.0,Warrior,Point,Evansville,Indiana,47725.0
454,Elliott,Nicholl,,Male,933.0,Dakota,Alley,Sparks,Nevada,89436.0
455,Cirstoforo,Pierse,cpiersecm@marriott.com,Male,82408.0,Mockingbird,Terrace,Birmingham,Alabama,35220.0
456,Violette,Dinley,vdinleycn@photobucket.com,Female,9000.0,Arapahoe,Street,Lake Charles,Louisiana,70616.0
457,Sherie,Gudahy,,Female,73.0,Dapin,Alley,Omaha,Nebraska,68124.0
458,Gerianna,Artindale,gartindalecp@1und1.de,Female,80767.0,Brickson Park,Terrace,Eugene,Oregon,97405.0
459,Ardath,Spieck,aspieckcq@google.it,Female,3.0,Leroy,Way,Manassas,Virginia,
460,Linnet,Ducastel,lducastelcr@purevolume.com,Female,87.0,Kedzie,Crossing,Watertown,,2472.0
461,Abran,Humbie,ahumbiecs@rediff.com,Male,3438.0,Scoville,Junction,Washington,District of Columbia,20436.0
462,Ange,Philipeaux,aphilipeauxct@digg.com,Female,15641.0,High Crossing,Plaza,Escondido,California,
463,Mariann,Seaward,,Female,372.0,Scott,Hill,Colorado Springs,Colorado,80995.0
464,Caroljean,Pherps,cpherpscv@mediafire.com,Female,,Anderson,Junction,Delray Beach,Florida,33448.0
465,Homere,Eingerfield,heingerfieldcw@themeforest.net,Male,3.0,Rutledge,Point,Fairbanks,Alaska,99709.0
466,Fred,Olyet,folyetcx@go.com,Male,74322.0,Barnett,Place,San Diego,California,92137.0
467,Eben,Merrett,emerrettcy@yandex.ru,Male,54.0,Mendota,Trail,El Paso,Texas,88530.0
468,Kev,Forestel,kforestelcz@bbc.co.uk,Male,980.0,Birchwood,Center,Knoxville,Tennessee,37924.0
469,Evelyn,Penticoot,epenticootd0@disqus.com,Female,7.0,Pankratz,Point,Amarillo,Texas,79105.0
470,Celinka,Horsley,chorsleyd1@dropbox.com,Female,,Schurz,Parkway,Brooksville,Florida,
471,Vachel,Dana,vdanad2@unicef.org,Male,,Main,Parkway,Sacramento,California,94245.0
472,Nappie,Brunon,nbrunond3@ucsd.edu,Male,6710.0,Anniversary,Alley,Macon,Georgia,31205.0
473,Leia,Hartgill,lhartgilld4@ftc.gov,Female,,,,,Ohio,45223.0
474,Jeramey,Ridings,jridingsd5@state.gov,Male,,Service,Park,Roanoke,Virginia,24020.0
475,Dom,McGuiney,dmcguineyd6@businessinsider.com,Male,19677.0,,,Concord,California,94522.0
476,Tobiah,Barnish,tbarnishd7@intel.com,Male,52840.0,Eastwood,Lane,Jamaica,New York,
477,Vi,Josskovitz,vjosskovitzd8@ucla.edu,Female,65088.0,,,Arlington,Virginia,22212.0
478,Stavro,Whiten,swhitend9@lycos.com,Male,,Alpine,Trail,Springfield,Missouri,
479,Anders,Meanwell,ameanwellda@blog.com,Male,8790.0,Farwell,Center,Washington,District of Columbia,20591.0
480,Antonetta,Leftwich,aleftwichdb@cafepress.com,Female,25.0,Vermont,Road,Milwaukee,Wisconsin,53234.0
481,Gisella,Feehely,gfeehelydc@yellowbook.com,Female,21.0,,,Alexandria,Virginia,22309.0
482,Eugenia,Maylard,emaylarddd@prnewswire.com,Female,93333.0,,,Boca Raton,Florida,33499.0
483,Aleda,Euplate,aeuplatede@epa.gov,Female,52307.0,Melby,Street,Tulsa,Oklahoma,74133.0
484,Lauryn,O' Timony,,Female,5.0,Ridge Oak,Avenue,,,11254.0
485,Pet,Ruppel,,Female,6454.0,Arrowood,Avenue,Amarillo,,79116.0
486,Julissa,Rolling,jrollingdh@ft.com,Female,493.0,Cascade,Point,Memphis,Tennessee,38143.0
487,Ezri,Lebang,elebangdi@google.co.uk,Male,,Jay,Park,Melbourne,Florida,32919.0
488,Patty,Paul,ppauldj@arstechnica.com,Female,,Anzinger,Lane,Washington,District of Columbia,20205.0
489,Gustavo,Sillito,gsillitodk@jugem.jp,Male,491.0,Elmside,Circle,Charlotte,North Carolina,28256.0
490,Hobart,D'Agostini,hdagostinidl@indiatimes.com,Male,54.0,Evergreen,Point,Las Cruces,,88006.0
491,Talia,Rown,trowndm@newsvine.com,Female,,Merchant,Drive,Jersey City,New Jersey,7310.0
492,Lonni,Henricsson,lhenricssondn@tiny.cc,Female,357.0,Westport,Street,Kansas City,Missouri,64153.0
493,Gilda,Stainson,,Female,203.0,Homewood,Avenue,Indianapolis,Indiana,46202.0
494,Kara,Massei,kmasseidp@tuttocitta.it,Female,454.0,Johnson,Court,Boise,Idaho,83722.0
495,Van,Bordes,vbordesdq@arizona.edu,Female,64.0,Summerview,Junction,Chicago,Illinois,60636.0
496,Milissent,Mousdall,mmousdalldr@naver.com,Female,25.0,Sutherland,Place,,Pennsylvania,19196.0
497,Chariot,Prewer,cprewerds@blogs.com,,8.0,Harper,Alley,San Francisco,California,
498,Georgetta,Hayward,ghaywarddt@tripadvisor.com,,1743.0,Londonderry,Court,Cape Coral,Florida,
499,Grantley,Durak,gdurakdu@webmd.com,Male,,Marcy,Parkway,,California,95298.0
500,Carolann,Balcock,cbalcockdv@alexa.com,Female,,Stone Corner,Pass,El Paso,Texas,79916.0
501,Elliot,Polycote,epolycotedw@infoseek.co.jp,Male,,Prentice,Drive,Hartford,Connecticut,
502,Shirline,Halpin,shalpindx@moonfruit.com,,76640.0,Buell,Circle,Dallas,Texas,75216.0
503,Darcy,Cruddace,,,,Ridgeview,Court,Utica,New York,13505.0
504,Toiboid,Bentzen,tbentzendz@freewebs.com,Male,913.0,2nd,Trail,White Plains,New York,10606.0
505,Paxon,Corris,pcorrise0@behance.net,Male,8362.0,Eliot,Way,Des Moines,Iowa,50362.0
506,Marcellus,Reedman,mreedmane1@canalblog.com,Male,,Vahlen,Road,El Paso,Texas,88530.0
507,Morgan,Lowthian,mlowthiane2@npr.org,Male,85081.0,Hooker,Place,Oakland,California,
508,Hugh,Di Claudio,hdiclaudioe3@sphinn.com,Male,51.0,Northwestern,Parkway,Des Moines,Iowa,50315.0
509,Sven,MacNamee,,Male,83188.0,Sutteridge,Point,Santa Monica,California,90405.0
510,Suzie,Beagles,sbeaglese5@dion.ne.jp,Female,,Dakota,Road,Kansas City,Missouri,64101.0
511,Silvain,Defty,,Male,21.0,Superior,Alley,White Plains,New York,10606.0
512,Jess,Gillott,jgillotte7@redcross.org,Male,3.0,Spaight,Drive,Fort Lauderdale,Florida,33320.0
513,Ki,Preto,kpretoe8@sogou.com,Female,8.0,Evergreen,Crossing,Dallas,Texas,75342.0
514,Tades,Wreiford,twreiforde9@unicef.org,Male,2040.0,Anhalt,Lane,Lexington,Kentucky,40586.0
515,Dayle,Lindenblatt,dlindenblattea@loc.gov,Female,5.0,Havey,Point,Wichita Falls,Texas,76310.0
516,Fraser,Lambrook,,Male,490.0,Roxbury,Street,Schaumburg,Illinois,60193.0
517,Almira,Hicken,ahickenec@wordpress.com,Female,,Forest Dale,Court,Ogden,Utah,84409.0
518,Millard,Frear,,Male,,Maple,Circle,Portland,Oregon,97201.0
519,Elena,Wike,ewikeee@tmall.com,Female,,Alpine,Point,,Kansas,
520,Catie,Iacobucci,ciacobuccief@hp.com,Female,9598.0,Elka,Avenue,Saint Louis,Missouri,63131.0
521,Brenda,Borne,bborneeg@cloudflare.com,Female,39416.0,Grasskamp,Drive,Honolulu,,96805.0
522,Michaelina,Saw,msaweh@fda.gov,Female,,Caliangt,Point,Washington,District of Columbia,20456.0
523,Connor,Coils,ccoilsei@ycombinator.com,Male,0.0,Warner,Place,Washington,District of Columbia,20575.0
524,Randolph,Shinner,rshinnerej@ning.com,Male,90.0,,,Sacramento,California,95838.0
525,Rosene,Greenmon,rgreenmonek@comcast.net,Female,96436.0,Menomonie,Lane,Fairfield,Connecticut,6825.0
526,Lila,Russilll,lrussilllel@dmoz.org,Female,,Cascade,Parkway,Raleigh,North Carolina,27658.0
527,Foster,Mays,fmaysem@prlog.org,Male,,Bunker Hill,Place,Ocala,Florida,34479.0
528,Belle,Bridgett,,Female,100.0,Kingsford,Road,New Orleans,Louisiana,70183.0
529,Karil,Reddie,kreddieeo@nasa.gov,Female,,Darwin,Way,Columbus,Ohio,43204.0
530,Wendye,Joss,wjossep@prlog.org,Female,84.0,Columbus,Road,Sunnyvale,California,94089.0
531,Eadmund,Pinke,,Male,914.0,Shasta,Plaza,Lees Summit,Missouri,64082.0
532,Monique,McTear,mmctearer@hp.com,Female,534.0,New Castle,Center,San Diego,California,92127.0
533,Boony,Chatburn,bchatburnes@miibeian.gov.cn,Male,48819.0,Grasskamp,Street,Tyler,Texas,75799.0
534,Bastian,Geertsen,,Male,6.0,Warner,Center,Charleston,West Virginia,25389.0
535,Edgard,Swalowe,eswaloweeu@theglobeandmail.com,Male,,Crescent Oaks,Terrace,Champaign,,61825.0
536,Joby,Gaines,jgainesev@yellowpages.com,Female,6914.0,Lawn,Drive,El Paso,Texas,
537,Sean,Lofty,sloftyew@geocities.jp,Male,16849.0,John Wall,Road,Salt Lake City,Utah,
538,Jennette,Wastell,jwastellex@addthis.com,Female,14228.0,Bowman,Park,Idaho Falls,Idaho,83405.0
539,Venus,Crowley,vcrowleyey@ucsd.edu,Female,605.0,Orin,Avenue,Washington,District of Columbia,20244.0
540,Remy,Tuther,,Female,7970.0,Brentwood,Hill,Rockford,Illinois,61110.0
541,Koressa,Braun,,Female,752.0,Hovde,Street,Pittsburgh,Pennsylvania,15266.0
542,Doug,Dowderswell,ddowderswellf1@google.nl,Male,7.0,Montana,Avenue,Indianapolis,Indiana,46221.0
543,Falkner,Ledgerton,fledgertonf2@whitehouse.gov,Male,,Dunning,Place,Dayton,Ohio,45426.0
544,Mavis,Ferrar,mferrarf3@apple.com,Female,397.0,Pennsylvania,Way,Monticello,Minnesota,55585.0
545,Adolpho,Driver,adriverf4@businessinsider.com,Male,66.0,Claremont,Way,Baltimore,Maryland,21216.0
546,Philippine,Earnshaw,pearnshawf5@cbc.ca,Female,,Dayton,Center,Chandler,Arizona,
547,Marthena,Puttergill,mputtergillf6@pagesperso-orange.fr,Female,64.0,Randy,Parkway,Boca Raton,Florida,33499.0
548,Mayor,Gullam,mgullamf7@icq.com,Male,6.0,Warner,Point,Atlanta,Georgia,
549,Cherise,Manuello,cmanuellof8@rakuten.co.jp,Female,93.0,Pawling,Crossing,Charleston,West Virginia,25331.0
550,Mechelle,Jury,mjuryf9@bbc.co.uk,Female,2477.0,Division,Circle,Beaumont,Texas,77705.0
551,Jaimie,Dignall,,Male,,Golf,Lane,Huntington,West Virginia,25721.0
552,Hartley,Feyer,hfeyerfb@sakura.ne.jp,,,Spenser,Park,Whittier,California,90610.0
553,Denyse,Kupka,dkupkafc@amazonaws.com,,44.0,Pankratz,Point,,Texas,78682.0
554,Angel,McConnachie,amcconnachiefd@a8.net,Female,,,,Phoenix,,85062.0
555,Kimble,Sedworth,ksedworthfe@parallels.com,Male,1581.0,Morningstar,Trail,Denver,Colorado,
556,Moyra,Jedryka,mjedrykaff@mozilla.org,Female,8232.0,Messerschmidt,Center,Cincinnati,Ohio,45296.0
557,Parker,Gulley,,Male,56.0,Blaine,Pass,Saint Louis,Missouri,63167.0
558,Nanon,Bellfield,nbellfieldfh@fastcompany.com,Female,,Vera,Park,,Nevada,
559,Jasun,Kerrigan,jkerriganfi@stumbleupon.com,Male,56185.0,Weeping Birch,Street,Clearwater,Florida,34615.0
560,Winny,Eddisforth,weddisforthfj@netlog.com,Female,0.0,Twin Pines,Center,Bridgeport,Connecticut,6606.0
561,Millie,Carlon,mcarlonfk@cnbc.com,Female,780.0,Judy,Trail,Tallahassee,Florida,32314.0
562,Brett,Conigsby,bconigsbyfl@ed.gov,Male,860.0,Vermont,Crossing,Cincinnati,Ohio,45271.0
563,Kessia,Ferbrache,kferbrachefm@sitemeter.com,Female,277.0,Superior,Street,,Hawaii,96815.0
564,Sol,Chattoe,schattoefn@wordpress.org,Male,934.0,Katie,Way,Lubbock,Texas,79491.0
565,Holli,Grigoryov,hgrigoryovfo@foxnews.com,Female,575.0,Sage,Plaza,Bakersfield,California,93386.0
566,Candida,Brazenor,cbrazenorfp@utexas.edu,Female,36652.0,Arapahoe,Terrace,Philadelphia,Pennsylvania,19109.0
567,Chelsey,Barbrook,cbarbrookfq@weather.com,Female,,John Wall,Street,Detroit,Michigan,48258.0
568,Marti,Orknay,morknayfr@feedburner.com,Female,5.0,Graceland,Lane,Fort Lauderdale,Florida,
569,Barb,Utteridge,,Female,379.0,Crest Line,Crossing,Odessa,Texas,79764.0
570,Tomas,Martensen,,Male,,Rigney,Park,,District of Columbia,20078.0
571,Maridel,Yakobowitch,myakobowitchfu@amazon.com,Female,31.0,Brickson Park,Place,Oklahoma City,Oklahoma,73142.0
572,Morly,Perfitt,,Male,671.0,Bultman,Crossing,Washington,District of Columbia,20029.0
573,Chadd,Moultrie,cmoultriefw@soundcloud.com,Male,,Surrey,Trail,Evansville,,47712.0
574,Jelene,Gateman,jgatemanfx@pen.io,Female,,Moulton,Court,Nashville,Tennessee,37228.0
575,Stearn,Lingley,slingleyfy@vkontakte.ru,Male,,Sugar,Street,Boise,Idaho,
576,Lamond,Stocker,lstockerfz@nature.com,,482.0,Becker,Trail,Chicago,Illinois,60697.0
577,Ree,Chippendale,rchippendaleg0@bluehost.com,Female,4.0,,,Jefferson City,Missouri,65105.0
578,Ricca,Le Houx,,Female,38.0,Anniversary,Place,Lexington,Kentucky,40576.0
579,Lenna,Bachnic,lbachnicg2@quantcast.com,Female,19402.0,Lien,Avenue,Long Beach,California,90831.0
580,Myrwyn,Meffen,mmeffeng3@dell.com,Male,,Mockingbird,Place,Richmond,Virginia,23225.0
581,Libby,Gouldeby,lgouldebyg4@toplist.cz,Female,1215.0,Shopko,Hill,Jacksonville,,32230.0
582,Aubine,Laddle,aladdleg5@dailymail.co.uk,Female,8175.0,Mcbride,Alley,Baltimore,Maryland,21275.0
583,Berkly,Hought,bhoughtg6@unblog.fr,,,Acker,Drive,Louisville,Kentucky,40215.0
584,Frederique,Klemz,,Female,,International,Parkway,Elmira,New York,14905.0
585,Ardelis,Daughtrey,adaughtreyg8@vk.com,Female,,Badeau,Point,Duluth,Minnesota,55805.0
586,Myca,Clinch,mclinchg9@aboutads.info,Male,23642.0,Ohio,Trail,Chicago,Illinois,
587,Bellanca,Tomaszczyk,btomaszczykga@rediff.com,Female,,Southridge,Park,Albany,New York,12237.0
588,Marillin,Furmonger,mfurmongergb@goo.gl,,,Green,Place,,North Dakota,58505.0
589,Torry,Heimes,theimesgc@admin.ch,Male,3.0,Harper,Drive,Boca Raton,Florida,33432.0
590,Guinevere,Hackley,,Female,5056.0,Lerdahl,Drive,Columbia,South Carolina,
591,Palmer,Taw,ptawge@newyorker.com,Male,115.0,Coolidge,Avenue,Louisville,Kentucky,40266.0
592,Curran,Bartoszewicz,cbartoszewiczgf@virginia.edu,Male,3159.0,Stephen,Court,Oceanside,California,92056.0
593,Tory,Bruckental,tbruckentalgg@zimbio.com,Female,68.0,Hooker,Lane,Savannah,Georgia,31416.0
594,Noam,Bedminster,,Male,,Heath,Drive,San Francisco,California,94132.0
595,Caresse,Kellick,ckellickgi@shop-pro.jp,Female,1923.0,Elgar,Parkway,Hartford,Connecticut,6152.0
596,Tisha,Glendining,tglendininggj@comsenz.com,Female,7.0,Fulton,Place,Gastonia,North Carolina,28055.0
597,Gerrard,Eakly,geaklygk@ocn.ne.jp,Male,,Golf,Court,Brea,California,92822.0
598,Artus,Bosquet,abosquetgl@prnewswire.com,Male,56206.0,Arkansas,Junction,El Paso,Texas,79928.0
599,Valentijn,Hans,vhansgm@nih.gov,Male,1.0,Sage,Hill,San Jose,California,
600,Wakefield,Picardo,wpicardogn@i2i.jp,Male,2.0,Rowland,Alley,Sarasota,Florida,34238.0
601,Dorelle,Wannop,dwannopgo@ycombinator.com,Female,357.0,Ridgeway,Avenue,El Paso,Texas,79989.0
602,Wendy,Reboul,wreboulgp@yale.edu,Female,,Washington,Pass,Phoenix,,85015.0
603,Benjy,Guisot,bguisotgq@techcrunch.com,Male,,,,San Diego,California,92137.0
604,Trevor,Fluin,,Male,709.0,Ridgeway,Lane,Pompano Beach,Florida,33064.0
605,Allen,Ablott,aablottgs@netvibes.com,Male,228.0,Hansons,Street,Albany,New York,12227.0
606,Beitris,Dulinty,bdulintygt@nasa.gov,Female,569.0,Dapin,Center,Oklahoma City,Oklahoma,73190.0
607,Pierce,Mulhill,pmulhillgu@ed.gov,Male,,Upham,Pass,Macon,,31217.0
608,Francis,Chastey,fchasteygv@salon.com,Male,,Fieldstone,Junction,,Florida,33436.0
609,Rich,Spurriar,,Male,1.0,New Castle,Junction,Roanoke,,
610,Ingeborg,Sheran,,Female,3947.0,Kennedy,Court,West Palm Beach,Florida,33411.0
611,Elsey,Reucastle,ereucastlegy@nifty.com,Female,,Homewood,Terrace,Jefferson City,Missouri,65105.0
612,Haze,Eliet,helietgz@wisc.edu,Male,985.0,Welch,Point,El Paso,Texas,79955.0
613,Clerc,Yurkiewicz,cyurkiewiczh0@accuweather.com,Male,978.0,Pine View,Court,,California,94286.0
614,Ephrem,Sappell,esappellh1@nifty.com,Male,395.0,Fair Oaks,Plaza,Huntington Beach,California,92648.0
615,Saunder,Geely,sgeelyh2@yandex.ru,Male,28.0,Armistice,Drive,Washington,District of Columbia,20078.0
616,Gaelan,Bonas,gbonash3@bigcartel.com,Male,36.0,Menomonie,Trail,Birmingham,Alabama,35215.0
617,Arden,Brockhouse,abrockhouseh4,Female,23423.0,Swallow,Pass,Denver,Colorado,80243.0
618,Case,Duval,cduvalh5@163.com,Male,36.0,Mallard,Pass,Charlotte,North Carolina,28247.0
619,Sinclair,Steade,ssteadeh6@youtube.com,Male,2394.0,Stephen,Way,Tampa,Florida,33610.0
620,Thibaud,Fingleton,tfingletonh7@si.edu,Male,0.0,Elmside,Terrace,Roanoke,Virginia,24029.0
621,Tracey,Scrogges,,Female,85.0,Sommers,Lane,Albuquerque,New Mexico,87180.0
622,Fallon,Pilfold,fpilfoldh9@gov.uk,Female,,Oneill,Road,Gulfport,Mississippi,39505.0
623,Caralie,Crichmere,ccrichmereha@linkedin.com,Female,9.0,Lotheville,Road,Davenport,Iowa,
624,Rudolph,Matzl,rmatzlhb@dmoz.org,Male,418.0,Carey,Way,Hampton,Virginia,23668.0
625,Pyotr,Blankman,pblankmanhc@yellowbook.com,Male,9.0,Brentwood,Hill,Cleveland,Ohio,44118.0
626,Delmor,Marians,dmarianshd@google.com.au,Male,4.0,Arizona,Point,Tacoma,,98481.0
627,Evanne,Jewis,ejewishe@loc.gov,Female,,Vernon,Terrace,El Paso,Texas,79955.0
628,Kylen,Bowditch,kbowditchhf@epa.gov,Female,7484.0,Roth,Way,Baton Rouge,Louisiana,70805.0
629,Elliott,Marjanovic,emarjanovichg@mayoclinic.com,,17.0,Eagle Crest,Place,Birmingham,Alabama,
630,Dimitry,Heindrich,,Male,79905.0,Atwood,Circle,North Port,Florida,34290.0
631,Tammie,Kenton,tkentonhi@sciencedaily.com,Female,80545.0,Bluejay,Circle,,Arizona,85053.0
632,Leif,Sedworth,lsedworthhj@myspace.com,Male,27823.0,Laurel,Lane,Shreveport,Louisiana,
633,Gerry,Kornousek,gkornousekhk@wikia.com,Male,43.0,Delaware,Drive,Lancaster,California,93584.0
634,Farly,Axtonne,,Male,3.0,Linden,Hill,Lincoln,Nebraska,68505.0
635,Brandon,Rapaport,,Male,13.0,Clyde Gallagher,Hill,Pensacola,Florida,32595.0
636,Christoph,Berzen,cberzenhn@dedecms.com,Male,6803.0,,,Portsmouth,New Hampshire,3804.0
637,Palm,Haversham,phavershamho@digg.com,Male,,Chive,Crossing,Spokane,Washington,
638,Emanuele,Cardenas,ecardenashp@arizona.edu,Male,6.0,Del Sol,Street,Dayton,Ohio,45440.0
639,Lowe,Baldelli,lbaldellihq@miitbeian.gov.cn,Male,5.0,Lukken,Circle,Wilmington,Delaware,19805.0
640,Greta,Laurenzi,,Female,8588.0,Rutledge,Terrace,Erie,Pennsylvania,16505.0
641,Leonidas,Zouch,lzouchhs@rambler.ru,Male,21.0,Northport,Center,Washington,District of Columbia,20575.0
642,Loren,Sterke,lsterkeht@google.ru,Female,35.0,Holmberg,Plaza,Lexington,Kentucky,40505.0
643,Ingelbert,Witchard,iwitchardhu@youtu.be,Male,5.0,Acker,Alley,Miami,Florida,33147.0
644,Sander,Welburn,swelburnhv@51.la,Male,72536.0,Pawling,Park,Tucson,Arizona,85705.0
645,Elonore,Tatford,etatfordhw@theglobeandmail.com,Female,122.0,Moose,Alley,,Maryland,21705.0
646,Malva,Winfield,mwinfieldhx@dropbox.com,Female,,Amoth,Drive,,West Virginia,25721.0
647,Kimball,Hearons,khearonshy@theglobeandmail.com,Male,,Luster,Place,Trenton,New Jersey,8608.0
648,Nelie,Lippiett,nlippietthz@hostgator.com,Female,74496.0,Village,Park,Huntington,West Virginia,25721.0
649,Gibbie,Leechman,gleechmani0@barnesandnoble.com,Male,83226.0,Elgar,Trail,Decatur,Georgia,30033.0
650,Doralia,McHaffy,dmchaffyi1@cafepress.com,Female,83.0,Del Sol,Point,New Orleans,Louisiana,70183.0
651,Mirabel,Waryk,mwaryki2@dedecms.com,Female,471.0,International,Avenue,Portland,Oregon,97240.0
652,Fredrika,Sadry,fsadryi3@webnode.com,Female,2.0,Lien,Terrace,Newark,Delaware,19714.0
653,Mortie,Proudler,,Male,,Scott,Street,Orlando,,32825.0
654,Arlina,Revey,areveyi5@unc.edu,Female,,Little Fleur,Avenue,Annapolis,Maryland,21405.0
655,Keir,Gilvear,kgilveari6@cornell.edu,Male,1518.0,Elka,Street,Washington,District of Columbia,20062.0
656,Ham,Seabrook,hseabrooki7@ca.gov,Male,45297.0,Buell,Circle,Omaha,Nebraska,68197.0
657,Laureen,Lear,lleari8@bbb.org,Female,,Monterey,Street,Johnson City,Tennessee,37605.0
658,Gui,Lomasna,,Female,867.0,Sloan,Way,Riverside,California,92513.0
659,Ange,Karppi,akarppiia@comsenz.com,Male,11.0,Kennedy,Crossing,Indianapolis,Indiana,
660,Leonora,Epperson,leppersonib@blog.com,Female,12827.0,Chive,Parkway,College Station,Texas,77844.0
661,Lilli,Middup,lmiddupic@sciencedirect.com,Female,7054.0,Sommers,Street,Philadelphia,Pennsylvania,19160.0
662,Oberon,Maruska,omaruskaid@yelp.com,Male,9123.0,Blackbird,Crossing,Saint Louis,Missouri,
663,Yoko,Joney,yjoneyie@mlb.com,Female,96352.0,Goodland,Hill,Jefferson City,Missouri,65105.0
664,Konstantine,Beel,kbeelif@deviantart.com,Male,902.0,Hansons,Court,Atlanta,Georgia,30340.0
665,Odie,Wellwood,owellwoodig@dagondesign.com,Male,4.0,Autumn Leaf,Center,,District of Columbia,
666,Chicky,Bridgewater,cbridgewaterih@narod.ru,Male,6944.0,Lillian,Trail,Anaheim,,92805.0
667,Hali,Bayless,hbaylessii@vk.com,Female,3088.0,Meadow Valley,Junction,Fort Lauderdale,Florida,33325.0
668,Verene,Borton,vbortonij@mit.edu,Female,,Quincy,Court,Kansas City,Missouri,64179.0
669,Isis,Hanrott,ihanrottik@creativecommons.org,Female,,Kings,Junction,Katy,,77493.0
670,Hercule,Marquese,hmarqueseil@oaic.gov.au,Male,,Kings,Crossing,Chico,California,95973.0
671,Shane,Churm,schurmim@npr.org,Female,,Pond,Lane,Jackson,Mississippi,
672,Reece,Stonall,rstonallin@timesonline.co.uk,Male,53.0,Arapahoe,Street,Dayton,Ohio,45470.0
673,Esme,Tregenna,etregennaio@berkeley.edu,Male,20.0,Knutson,Trail,Abilene,Texas,
674,Stevie,Sabbins,ssabbinsip@csmonitor.com,Male,1863.0,Dayton,Plaza,Elizabeth,New Jersey,7208.0
675,Cyb,Sawyers,,Female,4901.0,,,Aurora,Illinois,60505.0
676,Windy,Paiton,,Female,34.0,Morningstar,Parkway,Carol Stream,Illinois,60158.0
677,Audrye,Hands,ahandsis@google.com.br,Female,48.0,Park Meadow,Crossing,Virginia Beach,Virginia,23454.0
678,Brianne,Padgett,bpadgettit@rediff.com,Female,,Burning Wood,Trail,Las Vegas,Nevada,89125.0
679,Bay,Castiglioni,bcastiglioniiu@chicagotribune.com,Male,27.0,Anthes,Plaza,Rochester,New York,14639.0
680,Cathi,Huckfield,chuckfieldiv@mapy.cz,Female,77.0,Messerschmidt,Court,Washington,District of Columbia,20099.0
681,Eydie,Dennington,edenningtoniw@sphinn.com,Female,414.0,Prairieview,Crossing,Huntington,West Virginia,25705.0
682,Anders,Kann,akannix@foxnews.com,Male,8.0,Portage,Parkway,Las Vegas,Nevada,89115.0
683,Manny,Collocott,mcollocottiy@aboutads.info,Male,53554.0,Melby,Point,San Jose,California,95133.0
684,Wilton,Megarry,wmegarryiz@unc.edu,Male,2359.0,Chive,Road,Fort Smith,Arkansas,
685,Samara,Fuente,sfuentej0@wufoo.com,Female,9310.0,Lake View,Circle,Springfield,Illinois,62776.0
686,Hieronymus,Schankel,hschankelj1@blogspot.com,Male,,8th,Court,Miami,Florida,33147.0
687,Marten,Woollett,mwoollettj2@jigsy.com,Male,489.0,Hansons,Alley,Saint Paul,Minnesota,
688,Reid,Roskams,rroskamsj3@dedecms.com,Male,8.0,Sunfield,Way,Hartford,Connecticut,6145.0
689,Casey,Spackman,cspackmanj4@blogs.com,Male,7575.0,Ronald Regan,Park,Charlotte,North Carolina,28272.0
690,Shaine,Moggach,smoggachj5@imdb.com,Female,,Huxley,Street,Columbus,Ohio,
691,Bondy,MacVaugh,bmacvaughj6@ycombinator.com,Male,4396.0,4th,Way,Amarillo,Texas,79182.0
692,Lock,Tithecott,ltithecottj7@dmoz.org,Male,8.0,East,Alley,Lake Worth,Florida,33462.0
693,Killie,Pagett,kpagettj8@shutterfly.com,Male,1376.0,Butterfield,Place,Houston,Texas,
694,Lizabeth,Tadlow,ltadlowj9@ft.com,Female,1711.0,Westport,Park,Mobile,Alabama,36641.0
695,Florri,Morrant,fmorrantja@engadget.com,Female,,Brown,Circle,Evansville,,47705.0
696,Ansel,Ettels,aettelsjb@mozilla.org,Male,133.0,Farmco,Circle,Sacramento,California,94245.0
697,Kaela,Wolffers,kwolffersjc@soundcloud.com,Female,747.0,Westerfield,Lane,Katy,Texas,
698,Milzie,Nickels,,Female,,Clarendon,Point,Phoenix,Arizona,85020.0
699,Leland,Levesque,llevesqueje@imgur.com,Male,,Weeping Birch,Street,Little Rock,Arkansas,72215.0
700,Clerkclaude,Hurll,churlljf@istockphoto.com,Male,,Summer Ridge,Place,New York City,New York,10203.0
701,Lane,Scullin,,Female,,Summerview,Alley,Minneapolis,Minnesota,55446.0
702,Ives,Godsmark,igodsmarkjh@deliciousdays.com,Male,10198.0,Rockefeller,Alley,Columbia,South Carolina,29225.0
703,Wandis,Gawne,wgawneji@storify.com,Female,0.0,Barby,Plaza,Carson City,Nevada,89706.0
704,Cullie,Glasard,cglasardjj@samsung.com,Male,8058.0,Starling,Hill,Aurora,Illinois,60505.0
705,Gustave,Raithmill,,Male,,International,Road,Honolulu,Hawaii,96840.0
706,Bettine,Legate,blegatejl@stanford.edu,Female,39.0,Golden Leaf,Pass,Cleveland,Ohio,44197.0
707,Gerry,Pryce,gprycejm@google.nl,Female,21.0,Blackbird,Place,Amarillo,Texas,
708,Ado,Davydenko,adavydenkojn@ox.ac.uk,Male,7.0,Washington,Hill,Tampa,Florida,33694.0
709,Elonore,Yewdale,eyewdalejo@cam.ac.uk,Female,,,,Washington,District of Columbia,20226.0
710,Dagmar,Cockett,dcockettjp@oakley.com,Female,1.0,,,Chicago,Illinois,60636.0
711,Mirilla,Lofts,mloftsjq@mit.edu,Female,511.0,Farmco,Lane,,Maryland,21203.0
712,Berty,Meert,bmeertjr@hatena.ne.jp,Male,,Lakeland,Drive,Milwaukee,Wisconsin,53215.0
713,Roger,Ciobutaro,rciobutarojs@dropbox.com,Male,,Welch,Point,Saginaw,Michigan,48604.0
714,Charyl,Presman,cpresmanjt@ifeng.com,Female,,Washington,Crossing,Tacoma,Washington,98405.0
715,Griffith,Dronsfield,gdronsfieldju@people.com.cn,Male,9.0,Roth,Center,New Orleans,,70149.0
716,Shaylah,Jeffray,sjeffrayjv@plala.or.jp,Female,11332.0,Manley,Way,Lubbock,Texas,79452.0
717,Adolpho,Capini,acapinijw@a8.net,Male,,Corscot,Terrace,Phoenix,Arizona,
718,Jacinthe,Brosh,jbroshjx@ca.gov,Female,2.0,Corry,Terrace,Tampa,Florida,33605.0
719,Cyrille,Humberston,chumberstonjy@yellowbook.com,Male,41448.0,Mitchell,Parkway,Washington,,20046.0
720,Tyrus,Larkcum,,Male,1.0,Waubesa,Trail,Chattanooga,Tennessee,
721,Stefano,Hallum,shallumk0@dmoz.org,Male,,East,Hill,Memphis,Tennessee,
722,Robby,Arrighini,rarrighinik1@smugmug.com,Male,536.0,Buena Vista,Avenue,New York City,New York,
723,Charity,Morpeth,cmorpethk2@prnewswire.com,Female,141.0,Arizona,Circle,Gainesville,Florida,32610.0
724,Jens,Rance,jrancek3@imageshack.us,Male,,Manufacturers,Park,Albuquerque,,87140.0
725,Ervin,Bladge,ebladgek4@economist.com,Male,7.0,Memorial,Terrace,Pompano Beach,Florida,
726,Fredericka,Byram,fbyramk5@ustream.tv,Female,4.0,Rockefeller,Lane,,,7188.0
727,Salomo,Riep,sriepk6@tiny.cc,Male,5129.0,Jenna,Terrace,Stockton,California,95219.0
728,Sibelle,Penddreth,spenddrethk7@rambler.ru,Female,,Messerschmidt,Drive,Houston,Texas,
729,Romy,Noto,rnotok8@lulu.com,Female,848.0,Monica,Park,Alexandria,Virginia,22313.0
730,Morris,Berfoot,mberfootk9@google.ca,Male,6.0,Starling,Crossing,Jackson,Mississippi,39216.0
731,Gibb,Jaffa,gjaffaka@creativecommons.org,Male,685.0,Pond,Hill,Saginaw,,48609.0
732,Daniel,Duligall,dduligallkb@cnet.com,Male,88879.0,Florence,Point,New York City,New York,
733,Kurt,Bondley,kbondleykc@wikimedia.org,Male,8526.0,Portage,Street,New York City,New York,10292.0
734,Antonetta,Doornbos,adoornboskd@elpais.com,Female,5.0,Jay,Lane,,West Virginia,
735,Chiarra,Werndley,,Female,12066.0,Petterle,Parkway,Washington,District of Columbia,20319.0
736,Elmira,Kydd,ekyddkf@squarespace.com,Female,32.0,Arrowood,Way,Virginia Beach,Virginia,23471.0
737,Coriss,Coey,,Female,88239.0,Vernon,Circle,Edmond,Oklahoma,
738,Zara,Speed,zspeedkh@ucsd.edu,Female,,Green,Alley,Brooklyn,New York,11236.0
739,Katti,Attock,kattockki@mashable.com,Female,9361.0,,,Berkeley,California,94705.0
740,Larisa,Life,llifekj@behance.net,Female,,Shoshone,Trail,,Texas,75277.0
741,Herman,Cappineer,hcappineerkk@geocities.jp,Male,,La Follette,Trail,Worcester,Massachusetts,
742,Constantine,Scrooby,cscroobykl@freewebs.com,Male,1681.0,Pawling,Hill,Pocatello,Idaho,83206.0
743,Harv,Haldin,hhaldinkm@bizjournals.com,Male,228.0,Summit,Place,Birmingham,,35279.0
744,Graeme,Loweth,glowethkn@rakuten.co.jp,Male,97753.0,Carey,Avenue,Seattle,Washington,
745,Tilda,Morat,tmoratko@so-net.ne.jp,Female,11.0,Lillian,Terrace,,Wisconsin,53779.0
746,Madelon,Dryden,,Female,1.0,Pleasure,Parkway,Washington,District of Columbia,20078.0
747,Ancell,Haulkham,ahaulkhamkq@phoca.cz,Male,584.0,Hintze,Drive,Salt Lake City,Utah,84152.0
748,Evyn,Hesse,ehessekr@phpbb.com,Male,,,,Tuscaloosa,Alabama,35405.0
749,Feliks,Callingham,fcallinghamks@omniture.com,Male,3568.0,Gateway,Circle,Washington,District of Columbia,20535.0
750,Sheffie,Helliwell,shelliwellkt@xrea.com,Male,,Gulseth,Trail,Lake Charles,,70607.0
751,Corette,Gieraths,cgierathsku@nyu.edu,Female,,Eagle Crest,Street,Anchorage,Alaska,
752,Cristen,Lampen,,Female,1.0,8th,Hill,Cleveland,Ohio,44105.0
753,Brod,Lambregts,blambregtskw@taobao.com,Male,78827.0,Del Mar,Trail,Huntington,West Virginia,25721.0
754,Leland,Candie,lcandiekx@mlb.com,Female,27.0,6th,Trail,Memphis,Tennessee,38181.0
755,Lee,Causley,lcausleyky@spotify.com,Male,737.0,Nobel,Hill,Salt Lake City,Utah,
756,Margalit,Siley,msileykz@blog.com,Female,30.0,Cambridge,Circle,Youngstown,Ohio,44555.0
757,Berkley,Firmin,bfirminl0@msn.com,Male,60.0,Bunting,Trail,,Tennessee,37995.0
758,Kari,Nelane,knelanel1@sogou.com,Female,,Shoshone,Street,Sacramento,California,
759,Harvey,Tofts,htoftsl2@census.gov,Male,,Cambridge,Junction,Cumming,Georgia,
760,Alis,Kristoffersson,akristofferssonl3@g.co,Female,35.0,Mallory,Way,Peoria,Illinois,61656.0
761,Vanna,Gardener,vgardenerl4@sogou.com,Female,4.0,Oxford,Terrace,San Jose,California,95123.0
762,Melloney,Culter,mculterl5@youtube.com,Female,,Pepper Wood,Avenue,Whittier,California,90605.0
763,Corny,Giercke,,Male,33356.0,Londonderry,Trail,Richmond,Virginia,23208.0
764,Fernando,Filipychev,ffilipychevl7@yellowbook.com,Male,53.0,Oxford,Drive,Sacramento,California,94207.0
765,Kai,Aveyard,kaveyardl8@mit.edu,Female,54923.0,Garrison,Plaza,Birmingham,Alabama,35210.0
766,Cece,Hitschke,chitschkel9@nymag.com,Male,49205.0,Cambridge,Street,Richmond,Virginia,23285.0
767,Garrott,Traviss,,Male,181.0,North,Crossing,Sacramento,California,94280.0
768,Halli,Dewer,hdewerlb@devhub.com,Female,,West,Trail,Tallahassee,Florida,32304.0
769,Marcille,Wortt,mworttlc@accuweather.com,Female,801.0,Algoma,Circle,Richmond,Virginia,23203.0
770,Noami,Truitt,ntruittld@ovh.net,Female,9.0,,,Corpus Christi,Texas,78410.0
771,Christoper,Dearle,cdearlele@addthis.com,Male,81.0,Harbort,Court,Saint Louis,Missouri,
772,Grant,Cannell,gcannelllf@salon.com,Male,22.0,Prairieview,Point,Denver,Colorado,80255.0
773,Maighdiln,Shackesby,mshackesbylg@noaa.gov,Female,,Trailsway,Plaza,San Francisco,California,94147.0
774,Carlynne,Piborn,cpibornlh@about.me,Female,4191.0,Maple Wood,Drive,Lansing,Michigan,
775,Daffi,Mote,dmoteli@weebly.com,Female,,Caliangt,Place,,California,95194.0
776,Raven,Barendtsen,rbarendtsenlj@ifeng.com,Female,1872.0,Twin Pines,Plaza,Naples,Florida,34108.0
777,Hilly,Kobierski,hkobierskilk@tinyurl.com,Male,7338.0,Shoshone,Parkway,,Missouri,64109.0
778,Valle,Jeffree,vjeffreell@hexun.com,Male,44.0,Sundown,Park,Richmond,Virginia,23272.0
779,Clotilda,Clemmett,cclemmettlm@tripadvisor.com,,3.0,Granby,Terrace,Atlanta,Georgia,
780,Ferdinande,Perri,fperriln@sogou.com,Female,,Monica,Way,New York City,New York,10125.0
781,Maritsa,Brayson,mbraysonlo@npr.org,Female,915.0,8th,Point,New Haven,Connecticut,6520.0
782,Malcolm,Probyn,mprobynlp@yale.edu,Male,5726.0,Macpherson,Circle,,Florida,
783,Dexter,Lantiff,dlantifflq@ted.com,Male,458.0,Pankratz,Crossing,Minneapolis,Minnesota,55412.0
784,Emlyn,Swatridge,,Female,65369.0,Mayer,Hill,Hartford,Connecticut,
785,Immanuel,Devonish,idevonishls@dedecms.com,Male,6562.0,Manufacturers,Parkway,Ogden,Utah,84409.0
786,Ansel,Woodruffe,awoodruffelt@cornell.edu,,110.0,Schiller,Way,Riverside,California,92519.0
787,Lay,Diggles,ldiggleslu@aol.com,Male,,Namekagon,Center,Arlington,Texas,76096.0
788,Carley,Denny,cdennylv@networksolutions.com,Female,,Menomonie,Trail,Orlando,Florida,32819.0
789,Jane,Hawkshaw,jhawkshawlw@boston.com,Female,290.0,Arizona,Park,Pittsburgh,,15235.0
790,Jerry,Vasilkov,jvasilkovlx@foxnews.com,Male,,Banding,Trail,Kansas City,Missouri,64114.0
791,Micki,Hasker,mhaskerly@ovh.net,Female,6.0,Lukken,Center,Saint Paul,Minnesota,55172.0
792,Jackelyn,Dobbin,,Female,,Pleasure,Circle,San Antonio,Texas,78235.0
793,Ripley,Heigl,rheiglm0@walmart.com,Male,6.0,Ludington,Place,Huntsville,Texas,77343.0
794,Quinton,Docker,qdockerm1@symantec.com,Male,6.0,5th,Avenue,Springfield,Virginia,
795,Filmore,Lackie,,Male,187.0,Toban,Hill,San Antonio,Texas,78265.0
796,Kerby,Lightning,klightningm3@fema.gov,Male,278.0,Swallow,Court,Sacramento,California,
797,Florri,Stit,fstitm4@economist.com,Female,65.0,Thierer,Way,Grand Rapids,Michigan,49518.0
798,Charla,Hamson,,Female,596.0,Vermont,Point,Minneapolis,Minnesota,55441.0
799,Riannon,Fourmy,rfourmym6@chron.com,Female,69.0,Havey,Crossing,Des Moines,Iowa,
800,Dredi,Gepp,dgeppm7@unesco.org,,4.0,Springs,Parkway,Buffalo,New York,
801,Maribel,Mallen,mmallenm8@opensource.org,Female,10.0,Annamark,Park,Valdosta,Georgia,
802,Flo,Lehrian,flehrianm9@slashdot.org,Female,,1st,Road,Mobile,,36689.0
803,Rolando,Gullan,rgullanma@usda.gov,Male,6160.0,,,Tucson,Arizona,85737.0
804,Ileane,Durtnell,idurtnellmb@msu.edu,Female,189.0,Kropf,Court,Santa Clara,California,95054.0
805,Rickey,Calderwood,rcalderwoodmc@jalbum.net,Male,,Prairie Rose,Trail,Oklahoma City,,73109.0
806,Jacky,Penbarthy,jpenbarthymd@mapy.cz,Female,52371.0,Weeping Birch,Circle,Midland,,48670.0
807,Helli,Drinnan,hdrinnanme@shop-pro.jp,Female,32883.0,Burrows,Lane,Columbia,South Carolina,29208.0
808,Adi,Sargeaunt,asargeauntmf@google.ca,Female,784.0,Park Meadow,Pass,Flint,Michigan,48505.0
809,Wilhelm,Luttger,wluttgermg@photobucket.com,Male,,Fremont,Drive,Brooklyn,New York,
810,Emmie,Beckmann,ebeckmannmh@spiegel.de,Female,6992.0,La Follette,Pass,Topeka,Kansas,66617.0
811,Libbie,Cayley,lcayleymi@tinyurl.com,Female,8637.0,Hudson,Alley,Fort Worth,,76121.0
812,Cindra,Tiddeman,ctiddemanmj@europa.eu,Female,852.0,Mayfield,Drive,,North Carolina,27717.0
813,Bellanca,Jelfs,bjelfsmk@e-recht24.de,Female,470.0,Spaight,Drive,Wilkes Barre,Pennsylvania,18768.0
814,Llywellyn,Kidsley,lkidsleyml@twitter.com,Male,238.0,Canary,Junction,Salt Lake City,Utah,84135.0
815,Tait,O'Dulchonta,todulchontamm@nydailynews.com,Male,1019.0,Manufacturers,Road,San Mateo,California,
816,Dmitri,Pyott,dpyottmn@kickstarter.com,Male,,Waubesa,Parkway,,District of Columbia,
817,Margarita,Dalglish,mdalglishmo@homestead.com,Female,98930.0,Lakeland,Crossing,,Oklahoma,73152.0
818,Faydra,O' Mulderrig,fomulderrigmp@yandex.ru,Female,192.0,,,Richmond,Virginia,23272.0
819,Amby,Sumner,asumnermq@twitter.com,Male,771.0,Schmedeman,Alley,,Colorado,80262.0
820,Wolf,Luetkemeyer,wluetkemeyermr@squarespace.com,Male,,Moose,Street,Birmingham,Alabama,35290.0
821,Nicky,Audas,naudasms@comsenz.com,Male,,Dwight,Park,Knoxville,,37914.0
822,Kara-lynn,de Zamora,,Female,32773.0,Melrose,Parkway,Rochester,New York,14646.0
823,Eldredge,Columbell,ecolumbellmu@squidoo.com,Male,,Butterfield,Hill,Pompano Beach,Florida,33075.0
824,Madeleine,Devo,mdevomv@smugmug.com,Female,,Linden,Pass,El Paso,Texas,
825,Renaldo,Truitt,rtruittmw@accuweather.com,Male,1121.0,Pearson,Crossing,Lubbock,Texas,79491.0
826,Bendix,Vlasyev,bvlasyevmx@rakuten.co.jp,Male,30.0,Maple Wood,Center,Winston Salem,North Carolina,27110.0
827,Baillie,Dugget,bduggetmy@wired.com,,,Wayridge,Hill,Milwaukee,,53210.0
828,Jayson,Dubbin,jdubbinmz@state.tx.us,Male,8.0,Northridge,Trail,Tulsa,Oklahoma,74126.0
829,Ellary,Faireclough,efairecloughn0@etsy.com,Male,5569.0,Oriole,Junction,,Louisiana,70505.0
830,Holly,Macieja,hmaciejan1@acquirethisname.com,Male,23033.0,Maple,Trail,Evansville,Indiana,
831,Sara-ann,Allmark,sallmarkn2@booking.com,Female,60.0,Drewry,Circle,,Washington,98148.0
832,Rickie,Gulliford,rgullifordn3@addtoany.com,Female,,Mariners Cove,Hill,Knoxville,Tennessee,37924.0
833,Sherwin,Gaskarth,sgaskarthn4@mozilla.org,Male,4.0,Judy,Way,Vero Beach,Florida,32964.0
834,Abel,Mainson,amainsonn5@ca.gov,Male,7414.0,Daystar,Alley,,Utah,84135.0
835,Sibyl,Battrum,sbattrumn6@statcounter.com,Male,15.0,Lawn,Place,Boston,,2114.0
836,Myron,Leband,mlebandn7@sohu.com,,1464.0,Golf View,Park,Fort Wayne,Indiana,46825.0
837,Wilhelm,Greenhall,wgreenhalln8@sciencedaily.com,Male,3205.0,5th,Pass,Wilmington,Delaware,19897.0
838,Joly,Purves,jpurvesn9@furl.net,Female,45.0,Messerschmidt,Point,Maple Plain,,55579.0
839,Barclay,Crain,bcrainna@sitemeter.com,Male,1.0,Hovde,Place,Bethlehem,Pennsylvania,18018.0
840,Tad,Van der Spohr,tvanderspohrnb@ox.ac.uk,Male,,Cordelia,Drive,Amarillo,Texas,79176.0
841,Dannie,Blythe,dblythenc@hatena.ne.jp,Female,20003.0,Elgar,Circle,Macon,Georgia,31205.0
842,Barbi,Eynald,beynaldnd@youku.com,Female,,Anderson,Crossing,Raleigh,North Carolina,27610.0
843,Cory,Kleinlerer,ckleinlererne@unblog.fr,Male,550.0,Buell,Pass,Bakersfield,California,93386.0
844,Merle,Bangle,mbanglenf@jigsy.com,Female,,Reindahl,Drive,Charlotte,,28230.0
845,Berty,Jacqueme,,Female,15761.0,Monument,Avenue,Tampa,,33620.0
846,Basilius,Giblin,,,7106.0,Melvin,Lane,Great Neck,New York,11024.0
847,Noll,Gresly,ngreslyni@sina.com.cn,Male,5197.0,Sycamore,Terrace,Washington,,
848,Nisse,Adcocks,nadcocksnj@toplist.cz,Female,9490.0,Brown,Plaza,Corpus Christi,Texas,78465.0
849,Yulma,Mallebone,ymallebonenk@youtube.com,Male,96502.0,Buena Vista,Hill,Orlando,Florida,32825.0
850,Stace,Scowcraft,sscowcraftnl@hexun.com,Female,76.0,Hooker,Way,Newark,New Jersey,7195.0
851,Shawnee,Orbell,sorbellnm@ox.ac.uk,Female,2.0,Buena Vista,Parkway,Pittsburgh,Pennsylvania,15210.0
852,Jesse,Sandey,jsandeynn@istockphoto.com,Male,13791.0,Darwin,Road,San Francisco,California,94142.0
853,Charin,Jonson,cjonsonno@reverbnation.com,Female,939.0,Cambridge,Pass,College Station,Texas,77844.0
854,Erhard,Shepcutt,eshepcuttnp@oracle.com,Male,398.0,Dayton,Trail,Columbia,South Carolina,29203.0
855,Laurence,Druitt,ldruittnq@flickr.com,Male,6.0,Alpine,Trail,Lake Charles,Louisiana,70607.0
856,Christophorus,Shemwell,cshemwellnr@illinois.edu,Male,21.0,Calypso,Road,Dallas,Texas,75251.0
857,Gaston,Colaton,gcolatonns@archive.org,Male,,Moulton,Lane,Norfolk,Virginia,23504.0
858,Reynolds,Behne,rbehnent@behance.net,Male,97469.0,Gale,Alley,Erie,Pennsylvania,16550.0
859,Berty,McCraw,bmccrawnu@merriam-webster.com,Male,39.0,Loomis,Plaza,Hattiesburg,Mississippi,39404.0
860,Denyse,Dreger,ddregernv@istockphoto.com,Female,8316.0,Bluejay,Hill,,,76178.0
861,Appolonia,Clubb,aclubbnw@arizona.edu,Female,,Norway Maple,Point,,Minnesota,55551.0
862,Rosina,Edgerley,redgerleynx@hhs.gov,Female,8133.0,Ilene,Court,Lansing,Michigan,48930.0
863,Jenilee,Creighton,jcreightonny@unc.edu,Female,9.0,Grover,Crossing,Louisville,Kentucky,40225.0
864,Leonie,Ferrieroi,lferrieroinz@dion.ne.jp,Female,1632.0,Dottie,Point,Arlington,Texas,76004.0
865,Timothea,Bygrove,,Female,926.0,Holy Cross,Point,Fort Lauderdale,Florida,33330.0
866,Rodolphe,Teaz,rteazo1@wikipedia.org,Male,78.0,Oak Valley,Avenue,Oklahoma City,Oklahoma,73119.0
867,Miguel,Pawelke,,Male,53.0,Carberry,Crossing,Fort Wayne,Indiana,46857.0
868,Mariele,Oake,moakeo3@diigo.com,Female,,Oakridge,Parkway,San Jose,California,95160.0
869,Christal,Goadby,cgoadbyo4@clickbank.net,Female,,Fremont,Plaza,Tulsa,,74126.0
870,Anselma,Morley,amorleyo5@sakura.ne.jp,Female,,Starling,Point,Huntsville,Alabama,35805.0
871,Tremain,MacClure,tmacclureo6@webs.com,Male,30.0,Anhalt,Terrace,Minneapolis,Minnesota,55458.0
872,Margo,Slowly,mslowlyo7@elegantthemes.com,Female,,Victoria,Parkway,San Jose,,
873,Beatrix,Cast,bcasto8,Female,,Grover,Court,Bridgeport,Connecticut,6606.0
874,Thaine,Baterip,tbateripo9@facebook.com,Male,2.0,Carioca,Parkway,Anderson,South Carolina,29625.0
875,Filippa,Verbrugge,fverbruggeoa@hostgator.com,Female,,Del Mar,Lane,North Little Rock,Arkansas,72118.0
876,Irina,Flay,iflayob@scribd.com,,,,,Garland,Texas,75049.0
877,Enrica,Lottrington,elottringtonoc@cornell.edu,Female,30201.0,Ronald Regan,Place,Boston,Massachusetts,2109.0
878,Chicky,Faircliff,cfaircliffod@umn.edu,Female,31442.0,Mitchell,Plaza,Augusta,Georgia,
879,Creighton,Tarquinio,ctarquiniooe@guardian.co.uk,Male,66701.0,Troy,Court,Laurel,Maryland,20709.0
880,Trevor,Swainson,tswainsonof@bloglines.com,Male,,Forest Run,Parkway,Jackson,Mississippi,39216.0
881,Sheff,Wyllis,swyllisog@flickr.com,Male,49.0,Ridgeway,Park,Dallas,Texas,75251.0
882,Sheridan,Saye,ssayeoh@gravatar.com,Male,,Scott,Junction,Cleveland,Ohio,
883,Arty,Losemann,,Male,85879.0,Pankratz,Road,Brooklyn,New York,11236.0
884,Kenna,Syphus,ksyphusoj@mail.ru,Female,,Waubesa,Terrace,Miami,Florida,
885,Nataline,Ewells,newellsok@harvard.edu,Female,9863.0,Welch,Center,El Paso,Texas,88584.0
886,Ferris,Clinnick,fclinnickol@thetimes.co.uk,Male,51.0,Golf View,Place,Fort Myers,Florida,
887,Hollyanne,Delea,hdeleaom@shareasale.com,Female,3.0,Center,Pass,Tucson,Arizona,85725.0
888,Bourke,Blasoni,bblasonion@is.gd,Male,44.0,Crownhardt,Center,Mobile,,
889,Beltran,Tembridge,btembridgeoo@com.com,Male,,Anthes,Lane,Springfield,Illinois,62723.0
890,Moishe,Daniels,mdanielsop@java.com,Male,,Park Meadow,Lane,Bronx,New York,10454.0
891,Enrika,Lapthorn,elapthornoq@arstechnica.com,Female,4.0,Sage,Place,Cincinnati,Ohio,45238.0
892,Blisse,Tommis,btommisor@patch.com,Female,8.0,Reindahl,Lane,Round Rock,Texas,78682.0
893,Arman,Haste,ahasteos@constantcontact.com,Male,89637.0,,,Miami,,33164.0
894,Calhoun,Ishaki,cishakiot@reference.com,Male,2816.0,Golf Course,Way,Kansas City,Kansas,66160.0
895,Wheeler,Dewsbury,wdewsburyou@example.com,Male,7766.0,Sugar,Hill,Scottsdale,Arizona,85260.0
896,Alard,Dawidowitsch,adawidowitschov@timesonline.co.uk,Male,61.0,Carpenter,Point,Dallas,Texas,75277.0
897,Ingamar,Anthona,ianthonaow@statcounter.com,Male,,Rigney,Avenue,Mount Vernon,,10557.0
898,Mohandas,Bausor,mbausorox@desdev.cn,Male,,Lighthouse Bay,Court,Cincinnati,Ohio,45228.0
899,Hetty,Waleran,hwaleranoy@shareasale.com,Female,79.0,Cascade,Plaza,Amarillo,Texas,79182.0
900,Freedman,Speke,fspekeoz@posterous.com,Male,,Jackson,Street,Ann Arbor,Michigan,48107.0
901,Yance,Fusco,yfuscop0@dropbox.com,,59582.0,Jenifer,Circle,New Orleans,Louisiana,70179.0
902,Matelda,Collop,mcollopp1@ftc.gov,Female,5.0,,,,Pennsylvania,
903,Dacy,Pryer,dpryerp2@scribd.com,Female,41.0,Rowland,Circle,Tampa,Florida,33673.0
904,Antonia,Cardow,acardowp3@goodreads.com,Female,2309.0,Melrose,Circle,Independence,Missouri,64054.0
905,Cherry,Lowten,clowtenp4@google.com.br,Female,2.0,Sherman,Point,El Paso,Texas,79999.0
906,Almeria,Disbrow,adisbrowp5@engadget.com,Female,920.0,Ilene,Junction,Fort Worth,Texas,
907,Mame,Streatfield,,Female,99918.0,Mayfield,Crossing,Washington,District of Columbia,20010.0
908,Raimund,McVity,rmcvityp7@google.ru,Male,149.0,Tony,Circle,Sarasota,Florida,
909,Meier,Ellice,mellicep8@redcross.org,Male,,Laurel,Trail,Portland,Maine,4109.0
910,Zaccaria,Finlry,zfinlryp9@umn.edu,Male,97.0,Mifflin,Trail,Worcester,Massachusetts,1654.0
911,Ellwood,Tarbin,etarbinpa@hugedomains.com,Male,4.0,Service,Circle,,California,94142.0
912,Jenny,Levings,jlevingspb@slideshare.net,Female,7647.0,Jana,Lane,Laredo,Texas,78044.0
913,Keary,Alessandrucci,kalessandruccipc@mapquest.com,Male,,Springs,Trail,Los Angeles,California,90010.0
914,Wendi,Toma,wtomapd@fastcompany.com,Female,1.0,Fair Oaks,Parkway,Raleigh,North Carolina,27635.0
915,Nita,Tomeo,ntomeope@myspace.com,Female,6925.0,Orin,Trail,Marietta,Georgia,30066.0
916,Sherm,Attenbarrow,sattenbarrowpf@rambler.ru,Male,,Westport,Drive,Pasadena,California,91125.0
917,Langsdon,Margett,lmargettpg@mozilla.org,Male,9.0,Arrowood,Street,Washington,District of Columbia,20299.0
918,Padriac,Fellis,pfellisph@sun.com,Male,82298.0,Melrose,Center,San Diego,California,92105.0
919,Patrizio,Berthelet,pbertheletpi@youtube.com,Male,248.0,Darwin,Road,Houston,Texas,77005.0
920,Lillis,Cescoti,lcescotipj@lulu.com,Female,4147.0,Hayes,Pass,Tulsa,Oklahoma,74141.0
921,Sheridan,Beckhouse,sbeckhousepk@amazon.de,Male,21.0,Fieldstone,Drive,Charleston,West Virginia,25362.0
922,Arvy,Sunnex,asunnexpl@independent.co.uk,Male,9735.0,Lerdahl,Terrace,Oklahoma City,Oklahoma,73179.0
923,Karla,Vernon,kvernonpm@issuu.com,Female,2.0,Warner,Avenue,Atlanta,Georgia,31165.0
924,Xymenes,Sedworth,xsedworthpn@so-net.ne.jp,Male,4148.0,Lotheville,Hill,Charlotte,North Carolina,28263.0
925,Jaime,Brittoner,jbrittonerpo@nps.gov,Female,463.0,,,Provo,Utah,84605.0
926,Harmonia,Erb,,Female,8.0,Bluejay,Junction,Youngstown,Ohio,44511.0
927,Seth,Longstreet,slongstreetpq@ucsd.edu,Male,2071.0,Lyons,Pass,Pittsburgh,Pennsylvania,15215.0
928,Antonina,Corro,acorropr@scribd.com,Female,42.0,Sachs,Park,,North Carolina,28205.0
929,Jamil,Gegay,jgegayps@scribd.com,Male,75.0,Pennsylvania,Plaza,,Colorado,81505.0
930,Arv,Gatiss,agatisspt@sciencedaily.com,Male,3.0,Express,Avenue,,District of Columbia,20370.0
931,Ashly,Lukes,alukespu@disqus.com,Female,,Ridgeview,Circle,Denver,Colorado,80255.0
932,Evan,Grigs,,Male,4.0,Huxley,Alley,New York City,New York,10131.0
933,Libby,Salkeld,lsalkeldpw@miibeian.gov.cn,Female,,West,Crossing,Orlando,Florida,32868.0
934,Franzen,Wicher,fwicherpx@yale.edu,Male,,Fordem,Terrace,Evansville,Indiana,47705.0
935,Irena,McAviy,imcaviypy@mediafire.com,Female,2.0,Oxford,Center,Grand Rapids,Michigan,49544.0
936,Adelaida,Cullen,acullenpz@wikia.com,Female,10923.0,Logan,Plaza,Denver,Colorado,80228.0
937,Brigham,Leaves,bleavesq0@merriam-webster.com,Male,,Center,Road,Pompano Beach,Florida,33069.0
938,Bruno,Shurmore,bshurmoreq1@reddit.com,Male,,Mosinee,Circle,Long Beach,California,90847.0
939,Arch,Duester,aduesterq2@bing.com,Male,6.0,Service,Street,Fort Worth,Texas,76129.0
940,Evie,Greaser,egreaserq3@yahoo.com,Female,6.0,Loomis,Avenue,Bronx,,10459.0
941,Lyell,Northway,lnorthwayq4@geocities.com,Male,,Mandrake,Way,South Bend,Indiana,46634.0
942,Chantalle,Dufton,cduftonq5@rambler.ru,Female,,Muir,Street,Bakersfield,California,93305.0
943,Elena,Salvadore,esalvadoreq6@patch.com,Female,,Hollow Ridge,Way,,District of Columbia,20016.0
944,Marjie,Paullin,mpaullinq7@artisteer.com,Female,76948.0,New Castle,Circle,El Paso,Texas,88579.0
945,Cristi,Peppard,cpeppardq8@yellowbook.com,Female,58.0,Farmco,Terrace,Memphis,Tennessee,
946,Kingston,Ivakhin,kivakhinq9@cbslocal.com,Male,95.0,Tennessee,Avenue,Canton,Ohio,44720.0
947,Paco,Murrock,pmurrockqa@parallels.com,Male,1.0,Pepper Wood,Drive,Sioux City,,51110.0
948,Doreen,Robardey,drobardeyqb@cmu.edu,,979.0,Springview,Circle,Fort Worth,Texas,76105.0
949,Mandi,Etchell,metchellqc@ocn.ne.jp,Female,4006.0,Forster,Park,Kansas City,Missouri,64144.0
950,Davey,Dayne,,Male,,Melody,Parkway,Louisville,Kentucky,40233.0
951,Melodee,Challener,mchallenerqe@huffingtonpost.com,Female,99779.0,Forest,Road,Torrance,California,
952,Bone,Tampling,btamplingqf@shinystat.com,Male,4506.0,Montana,Hill,Cincinnati,Ohio,45249.0
953,Marcia,Petracek,mpetracekqg@imdb.com,Female,,Rieder,Junction,,Florida,33405.0
954,Cassandre,McKeachie,cmckeachieqh@wix.com,,75.0,Leroy,Place,Jacksonville,Florida,32230.0
955,Belicia,Beddo,bbeddoqi@unblog.fr,Female,10.0,Mcguire,Hill,Dayton,Ohio,
956,Fabiano,Hattoe,fhattoeqj@theguardian.com,Male,,Garrison,Center,Philadelphia,Pennsylvania,19196.0
957,Ruddie,Eckhard,reckhardqk@free.fr,Male,853.0,Little Fleur,Trail,Abilene,Texas,
958,Paulie,Gadault,pgadaultql@posterous.com,Female,2061.0,Aberg,Street,Milwaukee,Wisconsin,53285.0
959,Marmaduke,Rosendorf,mrosendorfqm@vk.com,Male,,Hanover,Way,Saint Louis,Missouri,63136.0
960,Harriot,Kermath,hkermathqn@statcounter.com,Female,3.0,Beilfuss,Plaza,Portland,Oregon,97229.0
961,Vanya,Headey,vheadeyqo@networkadvertising.org,Female,,Starling,Point,Hicksville,New York,
962,Thorsten,Roch,trochqp@economist.com,Male,32.0,Roxbury,Point,Newport News,Virginia,23612.0
963,Eldin,Teas,eteasqq@imdb.com,Male,6.0,Lakeland,Drive,Pittsburgh,Pennsylvania,15255.0
964,Huntlee,Galiero,hgalieroqr@thetimes.co.uk,Male,48.0,Cordelia,Hill,Columbus,Georgia,31914.0
965,Floyd,Herculson,fherculsonqs@ted.com,Male,88.0,Crowley,Center,Reston,Virginia,20195.0
966,Charita,Yateman,cyatemanqt@toplist.cz,Female,4056.0,Kedzie,Avenue,Staten Island,New York,10305.0
967,Fonz,Pengelly,fpengellyqu@purevolume.com,Male,,Fallview,Terrace,Midland,Michigan,48670.0
968,Ram,Hatwells,rhatwellsqv@over-blog.com,Male,490.0,Anthes,Hill,Greensboro,North Carolina,27499.0
969,Gabriellia,Autrie,gautrieqw@blogspot.com,Female,810.0,Westend,Crossing,Santa Clara,California,95054.0
970,Georgetta,Bartoszek,gbartoszekqx@is.gd,Female,4023.0,Donald,Street,,Texas,79911.0
971,Bonni,Witherup,bwitherupqy@abc.net.au,Female,,Farmco,Road,New Orleans,Louisiana,70165.0
972,Alexa,Dalloway,adallowayqz@ed.gov,Female,8.0,Sachs,Junction,Tacoma,Washington,98442.0
973,Elijah,Heeks,eheeksr0@ning.com,Male,7322.0,Lake View,Street,Durham,North Carolina,27717.0
974,Ingmar,Muzzlewhite,,Male,0.0,Carpenter,Parkway,Houston,Texas,77260.0
975,Desiri,Stoving,dstovingr2@parallels.com,Female,75.0,Mesta,Alley,Des Moines,Iowa,50362.0
976,Micky,Sleigh,msleighr3@arstechnica.com,Female,6.0,Manitowish,Way,Miami,Florida,33111.0
977,Corena,Pelz,,Female,62987.0,Grayhawk,Plaza,Dallas,Texas,
978,Gardie,Skelhorn,gskelhornr5@blog.com,Male,8.0,Susan,Way,Tulsa,Oklahoma,74149.0
979,Darsey,Philippeaux,dphilippeauxr6@hostgator.com,Female,8193.0,Canary,Street,,California,91328.0
980,Malvina,Garrish,mgarrishr7@census.gov,Female,99.0,Packers,Parkway,Reading,Pennsylvania,19610.0
981,Phylys,Taggerty,ptaggertyr8@epa.gov,Female,92462.0,Maple,Court,Nashville,Tennessee,37250.0
982,Judith,Otham,,Female,96973.0,Saint Paul,Avenue,Arlington,Texas,76096.0
983,Allison,Coogan,acooganra@auda.org.au,Female,81.0,Thompson,Drive,Orange,California,92867.0
984,Adolph,Hammerton,ahammertonrb@quantcast.com,Male,,Basil,Crossing,Orlando,Florida,32813.0
985,Tailor,Sealeaf,tsealeafrc@irs.gov,Male,,Summer Ridge,Pass,Beaufort,South Carolina,29905.0
986,Lidia,Glendza,lglendzard@techcrunch.com,Female,90.0,Golf Course,Circle,Clearwater,Florida,
987,Eric,Mountford,emountfordre@blogspot.com,Male,,6th,Court,Las Vegas,Nevada,89125.0
988,Angelica,Ludlamme,aludlammerf@unc.edu,Female,5849.0,Steensland,Park,Saint Petersburg,Florida,
989,Vivianne,Abbyss,vabbyssrg@squarespace.com,Female,53592.0,Larry,Road,Santa Cruz,California,95064.0
990,Mari,Carberry,mcarberryrh@eventbrite.com,Female,,1st,Drive,Washington,District of Columbia,20546.0
991,Susana,Pere,spereri@scribd.com,Female,5018.0,Clemons,Way,Baton Rouge,,70820.0
992,Silvie,Silverlock,ssilverlockrj,Female,,Elka,Avenue,Utica,New York,13505.0
993,Johnath,Clancy,jclancyrk@smugmug.com,Female,7.0,Washington,Crossing,Juneau,Alaska,99812.0
994,Binnie,Dearth,bdearthrl@ed.gov,,8993.0,Elgar,Trail,Minneapolis,Minnesota,55441.0
995,Brana,Dixon,bdixonrm@myspace.com,Female,97.0,Truax,Avenue,Maple Plain,Minnesota,55572.0
996,Merrili,Alman,malmanrn@cornell.edu,Female,0.0,Thompson,Way,Reading,Pennsylvania,19610.0
997,Winonah,Heckle,whecklero@fc2.com,Female,701.0,Rowland,Hill,Indianapolis,Indiana,46278.0
998,Tobit,Birt,,Male,2.0,Basil,Road,Waterbury,Connecticut,6721.0
999,Issiah,Standbrooke,istandbrookerq@yellowpages.com,Male,,Kenwood,Drive,Savannah,Georgia,31405.0
1000,Elmore,Malpas,,Male,205.0,Farwell,Park,Atlanta,Georgia,30386.0
